"fecha","distrito","poblacion"
2013-01-01,"ARGANZUELA","154.862"
2013-01-01,"BARAJAS"," 46.265"
2013-01-01,"CARABANCHEL","248.738"
2013-01-01,"CENTRO","139.410"
2013-01-01,"CHAMARTÍN","145.449"
2013-01-01,"CHAMBERÍ","141.881"
2013-01-01,"CIUDAD LINEAL","219.928"
2013-01-01,"FUENCARRAL - EL PARDO","234.920"
2013-01-01,"HORTALEZA","174.655"
2013-01-01,"LATINA","244.438"
2013-01-01,"MONCLOA - ARAVACA","117.670"
2013-01-01,"MORATALAZ"," 98.385"
2013-01-01,"PUENTE DE VALLECAS","234.251"
2013-01-01,"RETIRO","120.810"
2013-01-01,"SALAMANCA","146.568"
2013-01-01,"SAN BLAS-CANILLEJAS","156.092"
2013-01-01,"TETUÁN","156.487"
2013-01-01,"USERA","136.631"
2013-01-01,"VICÁLVARO"," 70.679"
2013-01-01,"VILLA DE VALLECAS"," 98.060"
2013-01-01,"VILLAVERDE","144.930"
2013-02-01,"ARGANZUELA","154.647"
2013-02-01,"BARAJAS"," 46.312"
2013-02-01,"CARABANCHEL","248.265"
2013-02-01,"CENTRO","139.077"
2013-02-01,"CHAMARTÍN","145.172"
2013-02-01,"CHAMBERÍ","141.642"
2013-02-01,"CIUDAD LINEAL","219.461"
2013-02-01,"FUENCARRAL - EL PARDO","234.705"
2013-02-01,"HORTALEZA","174.559"
2013-02-01,"LATINA","243.964"
2013-02-01,"MONCLOA - ARAVACA","117.519"
2013-02-01,"MORATALAZ"," 98.240"
2013-02-01,"PUENTE DE VALLECAS","233.929"
2013-02-01,"RETIRO","120.638"
2013-02-01,"SALAMANCA","146.317"
2013-02-01,"SAN BLAS-CANILLEJAS","155.923"
2013-02-01,"TETUÁN","156.245"
2013-02-01,"USERA","136.550"
2013-02-01,"VICÁLVARO"," 70.537"
2013-02-01,"VILLA DE VALLECAS"," 98.253"
2013-02-01,"VILLAVERDE","144.768"
2013-03-01,"ARGANZUELA","153.583"
2013-03-01,"BARAJAS"," 46.065"
2013-03-01,"CARABANCHEL","246.374"
2013-03-01,"CENTRO","137.287"
2013-03-01,"CHAMARTÍN","144.246"
2013-03-01,"CHAMBERÍ","140.663"
2013-03-01,"CIUDAD LINEAL","218.051"
2013-03-01,"FUENCARRAL - EL PARDO","233.706"
2013-03-01,"HORTALEZA","173.726"
2013-03-01,"LATINA","242.412"
2013-03-01,"MONCLOA - ARAVACA","117.006"
2013-03-01,"MORATALAZ"," 97.749"
2013-03-01,"PUENTE DE VALLECAS","232.082"
2013-03-01,"RETIRO","120.034"
2013-03-01,"SALAMANCA","145.202"
2013-03-01,"SAN BLAS-CANILLEJAS","155.258"
2013-03-01,"TETUÁN","154.769"
2013-03-01,"USERA","135.447"
2013-03-01,"VICÁLVARO"," 70.259"
2013-03-01,"VILLA DE VALLECAS"," 98.127"
2013-03-01,"VILLAVERDE","143.776"
2013-04-01,"ARGANZUELA","153.682"
2013-04-01,"BARAJAS"," 46.118"
2013-04-01,"CARABANCHEL","246.863"
2013-04-01,"CENTRO","137.358"
2013-04-01,"CHAMARTÍN","144.331"
2013-04-01,"CHAMBERÍ","140.860"
2013-04-01,"CIUDAD LINEAL","218.165"
2013-04-01,"FUENCARRAL - EL PARDO","234.027"
2013-04-01,"HORTALEZA","173.971"
2013-04-01,"LATINA","242.799"
2013-04-01,"MONCLOA - ARAVACA","117.145"
2013-04-01,"MORATALAZ"," 97.718"
2013-04-01,"PUENTE DE VALLECAS","232.444"
2013-04-01,"RETIRO","120.100"
2013-04-01,"SALAMANCA","145.396"
2013-04-01,"SAN BLAS-CANILLEJAS","155.396"
2013-04-01,"TETUÁN","154.909"
2013-04-01,"USERA","135.826"
2013-04-01,"VICÁLVARO"," 70.301"
2013-04-01,"VILLA DE VALLECAS"," 98.501"
2013-04-01,"VILLAVERDE","144.167"
2013-05-01,"ARGANZUELA","153.249"
2013-05-01,"BARAJAS"," 46.053"
2013-05-01,"CARABANCHEL","246.235"
2013-05-01,"CENTRO","136.752"
2013-05-01,"CHAMARTÍN","144.160"
2013-05-01,"CHAMBERÍ","140.551"
2013-05-01,"CIUDAD LINEAL","217.569"
2013-05-01,"FUENCARRAL - EL PARDO","233.917"
2013-05-01,"HORTALEZA","173.806"
2013-05-01,"LATINA","242.307"
2013-05-01,"MONCLOA - ARAVACA","117.005"
2013-05-01,"MORATALAZ"," 97.512"
2013-05-01,"PUENTE DE VALLECAS","231.946"
2013-05-01,"RETIRO","119.946"
2013-05-01,"SALAMANCA","144.844"
2013-05-01,"SAN BLAS-CANILLEJAS","155.125"
2013-05-01,"TETUÁN","154.196"
2013-05-01,"USERA","135.468"
2013-05-01,"VICÁLVARO"," 70.236"
2013-05-01,"VILLA DE VALLECAS"," 98.652"
2013-05-01,"VILLAVERDE","143.953"
2013-06-01,"ARGANZUELA","153.241"
2013-06-01,"BARAJAS"," 46.062"
2013-06-01,"CARABANCHEL","246.204"
2013-06-01,"CENTRO","136.669"
2013-06-01,"CHAMARTÍN","144.049"
2013-06-01,"CHAMBERÍ","140.300"
2013-06-01,"CIUDAD LINEAL","217.407"
2013-06-01,"FUENCARRAL - EL PARDO","233.909"
2013-06-01,"HORTALEZA","173.770"
2013-06-01,"LATINA","242.167"
2013-06-01,"MONCLOA - ARAVACA","116.895"
2013-06-01,"MORATALAZ"," 97.372"
2013-06-01,"PUENTE DE VALLECAS","231.762"
2013-06-01,"RETIRO","119.811"
2013-06-01,"SALAMANCA","144.899"
2013-06-01,"SAN BLAS-CANILLEJAS","155.128"
2013-06-01,"TETUÁN","154.173"
2013-06-01,"USERA","135.486"
2013-06-01,"VICÁLVARO"," 70.211"
2013-06-01,"VILLA DE VALLECAS"," 98.726"
2013-06-01,"VILLAVERDE","143.868"
2013-07-01,"ARGANZUELA","152.366"
2013-07-01,"BARAJAS"," 45.839"
2013-07-01,"CARABANCHEL","244.355"
2013-07-01,"CENTRO","135.176"
2013-07-01,"CHAMARTÍN","143.376"
2013-07-01,"CHAMBERÍ","139.468"
2013-07-01,"CIUDAD LINEAL","216.121"
2013-07-01,"FUENCARRAL - EL PARDO","233.100"
2013-07-01,"HORTALEZA","173.162"
2013-07-01,"LATINA","240.508"
2013-07-01,"MONCLOA - ARAVACA","116.209"
2013-07-01,"MORATALAZ"," 96.788"
2013-07-01,"PUENTE DE VALLECAS","230.296"
2013-07-01,"RETIRO","119.423"
2013-07-01,"SALAMANCA","143.949"
2013-07-01,"SAN BLAS-CANILLEJAS","154.401"
2013-07-01,"TETUÁN","153.087"
2013-07-01,"USERA","134.517"
2013-07-01,"VICÁLVARO"," 69.872"
2013-07-01,"VILLA DE VALLECAS"," 98.291"
2013-07-01,"VILLAVERDE","143.073"
2013-08-01,"ARGANZUELA","152.293"
2013-08-01,"BARAJAS"," 45.858"
2013-08-01,"CARABANCHEL","244.244"
2013-08-01,"CENTRO","135.148"
2013-08-01,"CHAMARTÍN","143.357"
2013-08-01,"CHAMBERÍ","139.326"
2013-08-01,"CIUDAD LINEAL","216.116"
2013-08-01,"FUENCARRAL - EL PARDO","233.171"
2013-08-01,"HORTALEZA","173.195"
2013-08-01,"LATINA","240.256"
2013-08-01,"MONCLOA - ARAVACA","116.083"
2013-08-01,"MORATALAZ"," 96.842"
2013-08-01,"PUENTE DE VALLECAS","230.409"
2013-08-01,"RETIRO","119.258"
2013-08-01,"SALAMANCA","143.826"
2013-08-01,"SAN BLAS-CANILLEJAS","154.386"
2013-08-01,"TETUÁN","153.226"
2013-08-01,"USERA","134.526"
2013-08-01,"VICÁLVARO"," 69.973"
2013-08-01,"VILLA DE VALLECAS"," 98.459"
2013-08-01,"VILLAVERDE","143.182"
2013-09-01,"ARGANZUELA","152.589"
2013-09-01,"BARAJAS"," 45.894"
2013-09-01,"CARABANCHEL","244.647"
2013-09-01,"CENTRO","135.594"
2013-09-01,"CHAMARTÍN","143.525"
2013-09-01,"CHAMBERÍ","139.614"
2013-09-01,"CIUDAD LINEAL","216.442"
2013-09-01,"FUENCARRAL - EL PARDO","233.620"
2013-09-01,"HORTALEZA","173.594"
2013-09-01,"LATINA","240.417"
2013-09-01,"MONCLOA - ARAVACA","116.361"
2013-09-01,"MORATALAZ"," 96.843"
2013-09-01,"PUENTE DE VALLECAS","230.908"
2013-09-01,"RETIRO","119.395"
2013-09-01,"SALAMANCA","144.068"
2013-09-01,"SAN BLAS-CANILLEJAS","154.560"
2013-09-01,"TETUÁN","153.529"
2013-09-01,"USERA","134.813"
2013-09-01,"VICÁLVARO"," 70.051"
2013-09-01,"VILLA DE VALLECAS"," 98.761"
2013-09-01,"VILLAVERDE","143.396"
2013-10-01,"ARGANZUELA","152.314"
2013-10-01,"BARAJAS"," 45.806"
2013-10-01,"CARABANCHEL","244.292"
2013-10-01,"CENTRO","135.472"
2013-10-01,"CHAMARTÍN","143.301"
2013-10-01,"CHAMBERÍ","139.508"
2013-10-01,"CIUDAD LINEAL","215.902"
2013-10-01,"FUENCARRAL - EL PARDO","233.464"
2013-10-01,"HORTALEZA","173.385"
2013-10-01,"LATINA","239.720"
2013-10-01,"MONCLOA - ARAVACA","116.307"
2013-10-01,"MORATALAZ"," 96.716"
2013-10-01,"PUENTE DE VALLECAS","230.125"
2013-10-01,"RETIRO","119.343"
2013-10-01,"SALAMANCA","144.139"
2013-10-01,"SAN BLAS-CANILLEJAS","154.190"
2013-10-01,"TETUÁN","153.277"
2013-10-01,"USERA","134.458"
2013-10-01,"VICÁLVARO"," 69.972"
2013-10-01,"VILLA DE VALLECAS"," 98.822"
2013-10-01,"VILLAVERDE","142.983"
2013-11-01,"ARGANZUELA","152.094"
2013-11-01,"BARAJAS"," 45.778"
2013-11-01,"CARABANCHEL","243.937"
2013-11-01,"CENTRO","135.183"
2013-11-01,"CHAMARTÍN","143.153"
2013-11-01,"CHAMBERÍ","139.250"
2013-11-01,"CIUDAD LINEAL","215.274"
2013-11-01,"FUENCARRAL - EL PARDO","233.322"
2013-11-01,"HORTALEZA","173.128"
2013-11-01,"LATINA","239.246"
2013-11-01,"MONCLOA - ARAVACA","116.217"
2013-11-01,"MORATALAZ"," 96.546"
2013-11-01,"PUENTE DE VALLECAS","229.743"
2013-11-01,"RETIRO","119.197"
2013-11-01,"SALAMANCA","144.052"
2013-11-01,"SAN BLAS-CANILLEJAS","153.928"
2013-11-01,"TETUÁN","153.029"
2013-11-01,"USERA","134.352"
2013-11-01,"VICÁLVARO"," 69.899"
2013-11-01,"VILLA DE VALLECAS"," 98.890"
2013-11-01,"VILLAVERDE","142.746"
2013-12-01,"ARGANZUELA","152.052"
2013-12-01,"BARAJAS"," 45.721"
2013-12-01,"CARABANCHEL","243.573"
2013-12-01,"CENTRO","134.937"
2013-12-01,"CHAMARTÍN","143.124"
2013-12-01,"CHAMBERÍ","139.176"
2013-12-01,"CIUDAD LINEAL","214.974"
2013-12-01,"FUENCARRAL - EL PARDO","233.198"
2013-12-01,"HORTALEZA","173.122"
2013-12-01,"LATINA","238.858"
2013-12-01,"MONCLOA - ARAVACA","116.147"
2013-12-01,"MORATALAZ"," 96.471"
2013-12-01,"PUENTE DE VALLECAS","229.508"
2013-12-01,"RETIRO","119.148"
2013-12-01,"SALAMANCA","144.095"
2013-12-01,"SAN BLAS-CANILLEJAS","153.788"
2013-12-01,"TETUÁN","153.143"
2013-12-01,"USERA","134.154"
2013-12-01,"VICÁLVARO"," 69.884"
2013-12-01,"VILLA DE VALLECAS"," 98.933"
2013-12-01,"VILLAVERDE","142.502"
2014-01-01,"ARGANZUELA","151.677"
2014-01-01,"BARAJAS"," 45.661"
2014-01-01,"CARABANCHEL","242.717"
2014-01-01,"CENTRO","134.319"
2014-01-01,"CHAMARTÍN","142.968"
2014-01-01,"CHAMBERÍ","138.875"
2014-01-01,"CIUDAD LINEAL","214.163"
2014-01-01,"FUENCARRAL - EL PARDO","232.996"
2014-01-01,"HORTALEZA","172.917"
2014-01-01,"LATINA","237.995"
2014-01-01,"MONCLOA - ARAVACA","115.859"
2014-01-01,"MORATALAZ"," 96.296"
2014-01-01,"PUENTE DE VALLECAS","228.729"
2014-01-01,"RETIRO","118.996"
2014-01-01,"SALAMANCA","143.624"
2014-01-01,"SAN BLAS-CANILLEJAS","153.396"
2014-01-01,"TETUÁN","152.578"
2014-01-01,"USERA","133.571"
2014-01-01,"VICÁLVARO"," 69.724"
2014-01-01,"VILLA DE VALLECAS"," 98.934"
2014-01-01,"VILLAVERDE","142.085"
2014-02-01,"ARGANZUELA","151.624"
2014-02-01,"BARAJAS"," 45.633"
2014-02-01,"CARABANCHEL","242.750"
2014-02-01,"CENTRO","133.963"
2014-02-01,"CHAMARTÍN","142.835"
2014-02-01,"CHAMBERÍ","138.601"
2014-02-01,"CIUDAD LINEAL","213.956"
2014-02-01,"FUENCARRAL - EL PARDO","233.064"
2014-02-01,"HORTALEZA","173.142"
2014-02-01,"LATINA","237.733"
2014-02-01,"MONCLOA - ARAVACA","115.817"
2014-02-01,"MORATALAZ"," 96.172"
2014-02-01,"PUENTE DE VALLECAS","228.706"
2014-02-01,"RETIRO","118.839"
2014-02-01,"SALAMANCA","143.532"
2014-02-01,"SAN BLAS-CANILLEJAS","153.404"
2014-02-01,"TETUÁN","152.532"
2014-02-01,"USERA","133.532"
2014-02-01,"VICÁLVARO"," 69.650"
2014-02-01,"VILLA DE VALLECAS"," 99.029"
2014-02-01,"VILLAVERDE","142.103"
2014-03-01,"ARGANZUELA","151.826"
2014-03-01,"BARAJAS"," 45.735"
2014-03-01,"CARABANCHEL","243.139"
2014-03-01,"CENTRO","134.195"
2014-03-01,"CHAMARTÍN","142.947"
2014-03-01,"CHAMBERÍ","138.841"
2014-03-01,"CIUDAD LINEAL","214.347"
2014-03-01,"FUENCARRAL - EL PARDO","233.708"
2014-03-01,"HORTALEZA","173.576"
2014-03-01,"LATINA","237.844"
2014-03-01,"MONCLOA - ARAVACA","116.014"
2014-03-01,"MORATALAZ"," 96.158"
2014-03-01,"PUENTE DE VALLECAS","228.872"
2014-03-01,"RETIRO","118.987"
2014-03-01,"SALAMANCA","143.712"
2014-03-01,"SAN BLAS-CANILLEJAS","153.568"
2014-03-01,"TETUÁN","152.808"
2014-03-01,"USERA","133.753"
2014-03-01,"VICÁLVARO"," 69.838"
2014-03-01,"VILLA DE VALLECAS"," 99.176"
2014-03-01,"VILLAVERDE","142.382"
2014-04-01,"ARGANZUELA","151.473"
2014-04-01,"BARAJAS"," 45.744"
2014-04-01,"CARABANCHEL","242.706"
2014-04-01,"CENTRO","133.329"
2014-04-01,"CHAMARTÍN","142.773"
2014-04-01,"CHAMBERÍ","138.533"
2014-04-01,"CIUDAD LINEAL","214.064"
2014-04-01,"FUENCARRAL - EL PARDO","233.816"
2014-04-01,"HORTALEZA","173.672"
2014-04-01,"LATINA","237.398"
2014-04-01,"MONCLOA - ARAVACA","115.826"
2014-04-01,"MORATALAZ"," 95.984"
2014-04-01,"PUENTE DE VALLECAS","228.375"
2014-04-01,"RETIRO","118.862"
2014-04-01,"SALAMANCA","143.504"
2014-04-01,"SAN BLAS-CANILLEJAS","153.440"
2014-04-01,"TETUÁN","152.375"
2014-04-01,"USERA","133.485"
2014-04-01,"VICÁLVARO"," 69.772"
2014-04-01,"VILLA DE VALLECAS"," 99.218"
2014-04-01,"VILLAVERDE","142.190"
2014-05-01,"ARGANZUELA","151.272"
2014-05-01,"BARAJAS"," 45.776"
2014-05-01,"CARABANCHEL","242.571"
2014-05-01,"CENTRO","132.684"
2014-05-01,"CHAMARTÍN","142.463"
2014-05-01,"CHAMBERÍ","138.370"
2014-05-01,"CIUDAD LINEAL","213.956"
2014-05-01,"FUENCARRAL - EL PARDO","233.726"
2014-05-01,"HORTALEZA","173.822"
2014-05-01,"LATINA","237.066"
2014-05-01,"MONCLOA - ARAVACA","115.861"
2014-05-01,"MORATALAZ"," 95.785"
2014-05-01,"PUENTE DE VALLECAS","228.226"
2014-05-01,"RETIRO","118.799"
2014-05-01,"SALAMANCA","143.260"
2014-05-01,"SAN BLAS-CANILLEJAS","153.363"
2014-05-01,"TETUÁN","152.094"
2014-05-01,"USERA","133.451"
2014-05-01,"VICÁLVARO"," 69.789"
2014-05-01,"VILLA DE VALLECAS"," 99.275"
2014-05-01,"VILLAVERDE","142.090"
2014-06-01,"ARGANZUELA","151.146"
2014-06-01,"BARAJAS"," 45.758"
2014-06-01,"CARABANCHEL","242.366"
2014-06-01,"CENTRO","132.356"
2014-06-01,"CHAMARTÍN","142.290"
2014-06-01,"CHAMBERÍ","138.147"
2014-06-01,"CIUDAD LINEAL","213.842"
2014-06-01,"FUENCARRAL - EL PARDO","233.744"
2014-06-01,"HORTALEZA","173.866"
2014-06-01,"LATINA","236.798"
2014-06-01,"MONCLOA - ARAVACA","115.719"
2014-06-01,"MORATALAZ"," 95.728"
2014-06-01,"PUENTE DE VALLECAS","227.939"
2014-06-01,"RETIRO","118.685"
2014-06-01,"SALAMANCA","143.093"
2014-06-01,"SAN BLAS-CANILLEJAS","153.240"
2014-06-01,"TETUÁN","151.921"
2014-06-01,"USERA","133.367"
2014-06-01,"VICÁLVARO"," 69.741"
2014-06-01,"VILLA DE VALLECAS"," 99.346"
2014-06-01,"VILLAVERDE","142.052"
2014-07-01,"ARGANZUELA","150.786"
2014-07-01,"BARAJAS"," 45.727"
2014-07-01,"CARABANCHEL","241.729"
2014-07-01,"CENTRO","131.841"
2014-07-01,"CHAMARTÍN","141.908"
2014-07-01,"CHAMBERÍ","137.792"
2014-07-01,"CIUDAD LINEAL","213.381"
2014-07-01,"FUENCARRAL - EL PARDO","233.541"
2014-07-01,"HORTALEZA","173.771"
2014-07-01,"LATINA","236.126"
2014-07-01,"MONCLOA - ARAVACA","115.778"
2014-07-01,"MORATALAZ"," 95.560"
2014-07-01,"PUENTE DE VALLECAS","227.418"
2014-07-01,"RETIRO","118.415"
2014-07-01,"SALAMANCA","142.746"
2014-07-01,"SAN BLAS-CANILLEJAS","153.027"
2014-07-01,"TETUÁN","151.470"
2014-07-01,"USERA","133.018"
2014-07-01,"VICÁLVARO"," 69.580"
2014-07-01,"VILLA DE VALLECAS"," 99.306"
2014-07-01,"VILLAVERDE","141.687"
2014-08-01,"ARGANZUELA","150.770"
2014-08-01,"BARAJAS"," 45.757"
2014-08-01,"CARABANCHEL","241.779"
2014-08-01,"CENTRO","131.939"
2014-08-01,"CHAMARTÍN","141.891"
2014-08-01,"CHAMBERÍ","137.779"
2014-08-01,"CIUDAD LINEAL","213.330"
2014-08-01,"FUENCARRAL - EL PARDO","233.551"
2014-08-01,"HORTALEZA","174.152"
2014-08-01,"LATINA","235.900"
2014-08-01,"MONCLOA - ARAVACA","115.806"
2014-08-01,"MORATALAZ"," 95.549"
2014-08-01,"PUENTE DE VALLECAS","227.493"
2014-08-01,"RETIRO","118.383"
2014-08-01,"SALAMANCA","142.749"
2014-08-01,"SAN BLAS-CANILLEJAS","153.028"
2014-08-01,"TETUÁN","151.633"
2014-08-01,"USERA","133.181"
2014-08-01,"VICÁLVARO"," 69.659"
2014-08-01,"VILLA DE VALLECAS"," 99.434"
2014-08-01,"VILLAVERDE","141.772"
2014-09-01,"ARGANZUELA","151.090"
2014-09-01,"BARAJAS"," 45.884"
2014-09-01,"CARABANCHEL","242.230"
2014-09-01,"CENTRO","132.348"
2014-09-01,"CHAMARTÍN","142.048"
2014-09-01,"CHAMBERÍ","138.109"
2014-09-01,"CIUDAD LINEAL","213.527"
2014-09-01,"FUENCARRAL - EL PARDO","233.874"
2014-09-01,"HORTALEZA","174.714"
2014-09-01,"LATINA","236.149"
2014-09-01,"MONCLOA - ARAVACA","116.375"
2014-09-01,"MORATALAZ"," 95.582"
2014-09-01,"PUENTE DE VALLECAS","228.100"
2014-09-01,"RETIRO","118.548"
2014-09-01,"SALAMANCA","143.198"
2014-09-01,"SAN BLAS-CANILLEJAS","153.397"
2014-09-01,"TETUÁN","151.834"
2014-09-01,"USERA","133.522"
2014-09-01,"VICÁLVARO"," 69.740"
2014-09-01,"VILLA DE VALLECAS"," 99.677"
2014-09-01,"VILLAVERDE","142.099"
2014-10-01,"ARGANZUELA","151.011"
2014-10-01,"BARAJAS"," 45.852"
2014-10-01,"CARABANCHEL","241.592"
2014-10-01,"CENTRO","132.400"
2014-10-01,"CHAMARTÍN","142.127"
2014-10-01,"CHAMBERÍ","138.338"
2014-10-01,"CIUDAD LINEAL","213.129"
2014-10-01,"FUENCARRAL - EL PARDO","233.905"
2014-10-01,"HORTALEZA","174.825"
2014-10-01,"LATINA","235.684"
2014-10-01,"MONCLOA - ARAVACA","116.572"
2014-10-01,"MORATALAZ"," 95.336"
2014-10-01,"PUENTE DE VALLECAS","227.700"
2014-10-01,"RETIRO","118.499"
2014-10-01,"SALAMANCA","143.461"
2014-10-01,"SAN BLAS-CANILLEJAS","153.233"
2014-10-01,"TETUÁN","151.815"
2014-10-01,"USERA","133.426"
2014-10-01,"VICÁLVARO"," 69.641"
2014-10-01,"VILLA DE VALLECAS"," 99.674"
2014-10-01,"VILLAVERDE","141.784"
2014-11-01,"ARGANZUELA","151.249"
2014-11-01,"BARAJAS"," 45.952"
2014-11-01,"CARABANCHEL","242.042"
2014-11-01,"CENTRO","132.899"
2014-11-01,"CHAMARTÍN","142.236"
2014-11-01,"CHAMBERÍ","138.564"
2014-11-01,"CIUDAD LINEAL","213.345"
2014-11-01,"FUENCARRAL - EL PARDO","234.148"
2014-11-01,"HORTALEZA","175.241"
2014-11-01,"LATINA","235.935"
2014-11-01,"MONCLOA - ARAVACA","116.836"
2014-11-01,"MORATALAZ"," 95.347"
2014-11-01,"PUENTE DE VALLECAS","227.841"
2014-11-01,"RETIRO","118.665"
2014-11-01,"SALAMANCA","143.768"
2014-11-01,"SAN BLAS-CANILLEJAS","153.394"
2014-11-01,"TETUÁN","152.236"
2014-11-01,"USERA","133.626"
2014-11-01,"VICÁLVARO"," 69.694"
2014-11-01,"VILLA DE VALLECAS"," 99.913"
2014-11-01,"VILLAVERDE","141.771"
2014-12-01,"ARGANZUELA","150.467"
2014-12-01,"BARAJAS"," 45.812"
2014-12-01,"CARABANCHEL","240.853"
2014-12-01,"CENTRO","131.568"
2014-12-01,"CHAMARTÍN","141.738"
2014-12-01,"CHAMBERÍ","137.767"
2014-12-01,"CIUDAD LINEAL","212.264"
2014-12-01,"FUENCARRAL - EL PARDO","233.341"
2014-12-01,"HORTALEZA","174.640"
2014-12-01,"LATINA","234.839"
2014-12-01,"MONCLOA - ARAVACA","116.280"
2014-12-01,"MORATALAZ"," 95.031"
2014-12-01,"PUENTE DE VALLECAS","226.744"
2014-12-01,"RETIRO","118.212"
2014-12-01,"SALAMANCA","142.843"
2014-12-01,"SAN BLAS-CANILLEJAS","152.780"
2014-12-01,"TETUÁN","151.313"
2014-12-01,"USERA","133.035"
2014-12-01,"VICÁLVARO"," 69.460"
2014-12-01,"VILLA DE VALLECAS"," 99.702"
2014-12-01,"VILLAVERDE","140.974"
2015-01-01,"ARGANZUELA","150.884"
2015-01-01,"BARAJAS"," 45.870"
2015-01-01,"CARABANCHEL","241.319"
2015-01-01,"CENTRO","131.990"
2015-01-01,"CHAMARTÍN","142.039"
2015-01-01,"CHAMBERÍ","137.985"
2015-01-01,"CIUDAD LINEAL","212.492"
2015-01-01,"FUENCARRAL - EL PARDO","233.978"
2015-01-01,"HORTALEZA","175.293"
2015-01-01,"LATINA","235.093"
2015-01-01,"MONCLOA - ARAVACA","116.492"
2015-01-01,"MORATALAZ"," 95.089"
2015-01-01,"PUENTE DE VALLECAS","227.263"
2015-01-01,"RETIRO","118.500"
2015-01-01,"SALAMANCA","143.152"
2015-01-01,"SAN BLAS-CANILLEJAS","153.131"
2015-01-01,"TETUÁN","151.641"
2015-01-01,"USERA","133.429"
2015-01-01,"VICÁLVARO"," 69.614"
2015-01-01,"VILLA DE VALLECAS","100.039"
2015-01-01,"VILLAVERDE","141.279"
2015-02-01,"ARGANZUELA","150.726"
2015-02-01,"BARAJAS"," 45.950"
2015-02-01,"CARABANCHEL","241.175"
2015-02-01,"CENTRO","131.525"
2015-02-01,"CHAMARTÍN","142.132"
2015-02-01,"CHAMBERÍ","137.716"
2015-02-01,"CIUDAD LINEAL","212.199"
2015-02-01,"FUENCARRAL - EL PARDO","233.907"
2015-02-01,"HORTALEZA","175.553"
2015-02-01,"LATINA","234.844"
2015-02-01,"MONCLOA - ARAVACA","116.397"
2015-02-01,"MORATALAZ"," 94.945"
2015-02-01,"PUENTE DE VALLECAS","226.920"
2015-02-01,"RETIRO","118.404"
2015-02-01,"SALAMANCA","142.863"
2015-02-01,"SAN BLAS-CANILLEJAS","153.056"
2015-02-01,"TETUÁN","151.681"
2015-02-01,"USERA","133.370"
2015-02-01,"VICÁLVARO"," 69.586"
2015-02-01,"VILLA DE VALLECAS","100.251"
2015-02-01,"VILLAVERDE","141.310"
2015-03-01,"ARGANZUELA","150.814"
2015-03-01,"BARAJAS"," 46.164"
2015-03-01,"CARABANCHEL","241.704"
2015-03-01,"CENTRO","131.995"
2015-03-01,"CHAMARTÍN","142.369"
2015-03-01,"CHAMBERÍ","137.762"
2015-03-01,"CIUDAD LINEAL","212.468"
2015-03-01,"FUENCARRAL - EL PARDO","234.509"
2015-03-01,"HORTALEZA","176.062"
2015-03-01,"LATINA","235.147"
2015-03-01,"MONCLOA - ARAVACA","116.652"
2015-03-01,"MORATALAZ"," 94.987"
2015-03-01,"PUENTE DE VALLECAS","227.262"
2015-03-01,"RETIRO","118.598"
2015-03-01,"SALAMANCA","143.096"
2015-03-01,"SAN BLAS-CANILLEJAS","153.233"
2015-03-01,"TETUÁN","152.015"
2015-03-01,"USERA","133.485"
2015-03-01,"VICÁLVARO"," 69.803"
2015-03-01,"VILLA DE VALLECAS","100.716"
2015-03-01,"VILLAVERDE","141.304"
2015-04-01,"ARGANZUELA","150.706"
2015-04-01,"BARAJAS"," 46.076"
2015-04-01,"CARABANCHEL","241.556"
2015-04-01,"CENTRO","131.508"
2015-04-01,"CHAMARTÍN","142.186"
2015-04-01,"CHAMBERÍ","137.282"
2015-04-01,"CIUDAD LINEAL","212.273"
2015-04-01,"FUENCARRAL - EL PARDO","234.502"
2015-04-01,"HORTALEZA","175.937"
2015-04-01,"LATINA","234.795"
2015-04-01,"MONCLOA - ARAVACA","116.467"
2015-04-01,"MORATALAZ"," 94.768"
2015-04-01,"PUENTE DE VALLECAS","226.869"
2015-04-01,"RETIRO","118.371"
2015-04-01,"SALAMANCA","142.804"
2015-04-01,"SAN BLAS-CANILLEJAS","153.065"
2015-04-01,"TETUÁN","151.750"
2015-04-01,"USERA","133.335"
2015-04-01,"VICÁLVARO"," 69.630"
2015-04-01,"VILLA DE VALLECAS","100.716"
2015-04-01,"VILLAVERDE","141.142"
2015-05-01,"ARGANZUELA","151.061"
2015-05-01,"BARAJAS"," 46.166"
2015-05-01,"CARABANCHEL","242.032"
2015-05-01,"CENTRO","131.805"
2015-05-01,"CHAMARTÍN","142.334"
2015-05-01,"CHAMBERÍ","137.454"
2015-05-01,"CIUDAD LINEAL","212.626"
2015-05-01,"FUENCARRAL - EL PARDO","234.883"
2015-05-01,"HORTALEZA","176.320"
2015-05-01,"LATINA","234.842"
2015-05-01,"MONCLOA - ARAVACA","116.581"
2015-05-01,"MORATALAZ"," 94.785"
2015-05-01,"PUENTE DE VALLECAS","227.183"
2015-05-01,"RETIRO","118.390"
2015-05-01,"SALAMANCA","143.123"
2015-05-01,"SAN BLAS-CANILLEJAS","153.303"
2015-05-01,"TETUÁN","152.142"
2015-05-01,"USERA","133.579"
2015-05-01,"VICÁLVARO"," 69.709"
2015-05-01,"VILLA DE VALLECAS","101.011"
2015-05-01,"VILLAVERDE","141.457"
2015-06-01,"ARGANZUELA","151.226"
2015-06-01,"BARAJAS"," 46.284"
2015-06-01,"CARABANCHEL","242.274"
2015-06-01,"CENTRO","132.086"
2015-06-01,"CHAMARTÍN","142.329"
2015-06-01,"CHAMBERÍ","137.561"
2015-06-01,"CIUDAD LINEAL","212.898"
2015-06-01,"FUENCARRAL - EL PARDO","235.214"
2015-06-01,"HORTALEZA","176.694"
2015-06-01,"LATINA","234.903"
2015-06-01,"MONCLOA - ARAVACA","116.633"
2015-06-01,"MORATALAZ"," 94.852"
2015-06-01,"PUENTE DE VALLECAS","227.652"
2015-06-01,"RETIRO","118.553"
2015-06-01,"SALAMANCA","143.143"
2015-06-01,"SAN BLAS-CANILLEJAS","153.532"
2015-06-01,"TETUÁN","152.411"
2015-06-01,"USERA","133.973"
2015-06-01,"VICÁLVARO"," 69.830"
2015-06-01,"VILLA DE VALLECAS","101.289"
2015-06-01,"VILLAVERDE","141.801"
2015-07-01,"ARGANZUELA","150.945"
2015-07-01,"BARAJAS"," 46.163"
2015-07-01,"CARABANCHEL","241.583"
2015-07-01,"CENTRO","131.349"
2015-07-01,"CHAMARTÍN","142.027"
2015-07-01,"CHAMBERÍ","137.097"
2015-07-01,"CIUDAD LINEAL","212.263"
2015-07-01,"FUENCARRAL - EL PARDO","234.968"
2015-07-01,"HORTALEZA","176.421"
2015-07-01,"LATINA","234.210"
2015-07-01,"MONCLOA - ARAVACA","116.523"
2015-07-01,"MORATALAZ"," 94.721"
2015-07-01,"PUENTE DE VALLECAS","226.853"
2015-07-01,"RETIRO","118.319"
2015-07-01,"SALAMANCA","142.442"
2015-07-01,"SAN BLAS-CANILLEJAS","153.331"
2015-07-01,"TETUÁN","151.968"
2015-07-01,"USERA","133.596"
2015-07-01,"VICÁLVARO"," 69.710"
2015-07-01,"VILLA DE VALLECAS","101.226"
2015-07-01,"VILLAVERDE","141.297"
2015-08-01,"ARGANZUELA","150.911"
2015-08-01,"BARAJAS"," 46.198"
2015-08-01,"CARABANCHEL","241.606"
2015-08-01,"CENTRO","131.525"
2015-08-01,"CHAMARTÍN","142.110"
2015-08-01,"CHAMBERÍ","137.014"
2015-08-01,"CIUDAD LINEAL","212.215"
2015-08-01,"FUENCARRAL - EL PARDO","234.972"
2015-08-01,"HORTALEZA","176.763"
2015-08-01,"LATINA","234.277"
2015-08-01,"MONCLOA - ARAVACA","116.496"
2015-08-01,"MORATALAZ"," 94.652"
2015-08-01,"PUENTE DE VALLECAS","226.859"
2015-08-01,"RETIRO","118.263"
2015-08-01,"SALAMANCA","142.469"
2015-08-01,"SAN BLAS-CANILLEJAS","153.307"
2015-08-01,"TETUÁN","152.062"
2015-08-01,"USERA","133.794"
2015-08-01,"VICÁLVARO"," 69.735"
2015-08-01,"VILLA DE VALLECAS","101.409"
2015-08-01,"VILLAVERDE","141.342"
2015-09-01,"ARGANZUELA","151.414"
2015-09-01,"BARAJAS"," 46.342"
2015-09-01,"CARABANCHEL","242.616"
2015-09-01,"CENTRO","132.428"
2015-09-01,"CHAMARTÍN","142.592"
2015-09-01,"CHAMBERÍ","137.665"
2015-09-01,"CIUDAD LINEAL","212.908"
2015-09-01,"FUENCARRAL - EL PARDO","235.678"
2015-09-01,"HORTALEZA","177.698"
2015-09-01,"LATINA","234.731"
2015-09-01,"MONCLOA - ARAVACA","116.835"
2015-09-01,"MORATALAZ"," 94.862"
2015-09-01,"PUENTE DE VALLECAS","227.601"
2015-09-01,"RETIRO","118.592"
2015-09-01,"SALAMANCA","143.227"
2015-09-01,"SAN BLAS-CANILLEJAS","153.813"
2015-09-01,"TETUÁN","152.661"
2015-09-01,"USERA","134.181"
2015-09-01,"VICÁLVARO"," 69.979"
2015-09-01,"VILLA DE VALLECAS","101.885"
2015-09-01,"VILLAVERDE","141.811"
2015-10-01,"ARGANZUELA","151.816"
2015-10-01,"BARAJAS"," 46.393"
2015-10-01,"CARABANCHEL","242.881"
2015-10-01,"CENTRO","133.187"
2015-10-01,"CHAMARTÍN","142.878"
2015-10-01,"CHAMBERÍ","138.036"
2015-10-01,"CIUDAD LINEAL","213.224"
2015-10-01,"FUENCARRAL - EL PARDO","236.056"
2015-10-01,"HORTALEZA","177.890"
2015-10-01,"LATINA","234.949"
2015-10-01,"MONCLOA - ARAVACA","117.171"
2015-10-01,"MORATALAZ"," 95.036"
2015-10-01,"PUENTE DE VALLECAS","227.893"
2015-10-01,"RETIRO","118.661"
2015-10-01,"SALAMANCA","143.802"
2015-10-01,"SAN BLAS-CANILLEJAS","153.958"
2015-10-01,"TETUÁN","152.978"
2015-10-01,"USERA","134.469"
2015-10-01,"VICÁLVARO"," 69.994"
2015-10-01,"VILLA DE VALLECAS","102.074"
2015-10-01,"VILLAVERDE","141.954"
2015-11-01,"ARGANZUELA","151.757"
2015-11-01,"BARAJAS"," 46.340"
2015-11-01,"CARABANCHEL","242.638"
2015-11-01,"CENTRO","133.095"
2015-11-01,"CHAMARTÍN","142.950"
2015-11-01,"CHAMBERÍ","138.037"
2015-11-01,"CIUDAD LINEAL","213.012"
2015-11-01,"FUENCARRAL - EL PARDO","235.929"
2015-11-01,"HORTALEZA","177.938"
2015-11-01,"LATINA","234.829"
2015-11-01,"MONCLOA - ARAVACA","117.079"
2015-11-01,"MORATALAZ"," 94.859"
2015-11-01,"PUENTE DE VALLECAS","227.667"
2015-11-01,"RETIRO","118.649"
2015-11-01,"SALAMANCA","143.760"
2015-11-01,"SAN BLAS-CANILLEJAS","153.784"
2015-11-01,"TETUÁN","152.876"
2015-11-01,"USERA","134.374"
2015-11-01,"VICÁLVARO"," 69.944"
2015-11-01,"VILLA DE VALLECAS","102.111"
2015-11-01,"VILLAVERDE","141.768"
2015-12-01,"ARGANZUELA","151.901"
2015-12-01,"BARAJAS"," 46.373"
2015-12-01,"CARABANCHEL","242.743"
2015-12-01,"CENTRO","133.133"
2015-12-01,"CHAMARTÍN","143.069"
2015-12-01,"CHAMBERÍ","138.053"
2015-12-01,"CIUDAD LINEAL","213.048"
2015-12-01,"FUENCARRAL - EL PARDO","236.059"
2015-12-01,"HORTALEZA","178.130"
2015-12-01,"LATINA","234.683"
2015-12-01,"MONCLOA - ARAVACA","117.035"
2015-12-01,"MORATALAZ"," 94.875"
2015-12-01,"PUENTE DE VALLECAS","227.852"
2015-12-01,"RETIRO","118.831"
2015-12-01,"SALAMANCA","143.719"
2015-12-01,"SAN BLAS-CANILLEJAS","153.856"
2015-12-01,"TETUÁN","153.076"
2015-12-01,"USERA","134.400"
2015-12-01,"VICÁLVARO"," 69.958"
2015-12-01,"VILLA DE VALLECAS","102.296"
2015-12-01,"VILLAVERDE","141.855"
2016-01-01,"ARGANZUELA","152.313"
2016-01-01,"BARAJAS"," 46.530"
2016-01-01,"CARABANCHEL","243.321"
2016-01-01,"CENTRO","133.342"
2016-01-01,"CHAMARTÍN","143.376"
2016-01-01,"CHAMBERÍ","138.212"
2016-01-01,"CIUDAD LINEAL","213.448"
2016-01-01,"FUENCARRAL - EL PARDO","236.518"
2016-01-01,"HORTALEZA","178.682"
2016-01-01,"LATINA","234.975"
2016-01-01,"MONCLOA - ARAVACA","117.207"
2016-01-01,"MORATALAZ"," 95.029"
2016-01-01,"PUENTE DE VALLECAS","228.283"
2016-01-01,"RETIRO","118.980"
2016-01-01,"SALAMANCA","144.050"
2016-01-01,"SAN BLAS-CANILLEJAS","154.017"
2016-01-01,"TETUÁN","153.463"
2016-01-01,"USERA","134.736"
2016-01-01,"VICÁLVARO"," 70.010"
2016-01-01,"VILLA DE VALLECAS","102.742"
2016-01-01,"VILLAVERDE","142.163"
2016-02-01,"ARGANZUELA","152.034"
2016-02-01,"BARAJAS"," 46.536"
2016-02-01,"CARABANCHEL","242.997"
2016-02-01,"CENTRO","132.684"
2016-02-01,"CHAMARTÍN","142.998"
2016-02-01,"CHAMBERÍ","137.845"
2016-02-01,"CIUDAD LINEAL","212.901"
2016-02-01,"FUENCARRAL - EL PARDO","236.299"
2016-02-01,"HORTALEZA","178.692"
2016-02-01,"LATINA","234.479"
2016-02-01,"MONCLOA - ARAVACA","116.889"
2016-02-01,"MORATALAZ"," 94.698"
2016-02-01,"PUENTE DE VALLECAS","227.661"
2016-02-01,"RETIRO","118.892"
2016-02-01,"SALAMANCA","143.728"
2016-02-01,"SAN BLAS-CANILLEJAS","153.859"
2016-02-01,"TETUÁN","153.113"
2016-02-01,"USERA","134.425"
2016-02-01,"VICÁLVARO"," 69.862"
2016-02-01,"VILLA DE VALLECAS","102.692"
2016-02-01,"VILLAVERDE","141.880"
2016-03-01,"ARGANZUELA","152.302"
2016-03-01,"BARAJAS"," 46.667"
2016-03-01,"CARABANCHEL","243.504"
2016-03-01,"CENTRO","132.819"
2016-03-01,"CHAMARTÍN","143.201"
2016-03-01,"CHAMBERÍ","137.898"
2016-03-01,"CIUDAD LINEAL","213.183"
2016-03-01,"FUENCARRAL - EL PARDO","236.889"
2016-03-01,"HORTALEZA","179.180"
2016-03-01,"LATINA","234.801"
2016-03-01,"MONCLOA - ARAVACA","117.045"
2016-03-01,"MORATALAZ"," 94.831"
2016-03-01,"PUENTE DE VALLECAS","228.073"
2016-03-01,"RETIRO","119.034"
2016-03-01,"SALAMANCA","143.944"
2016-03-01,"SAN BLAS-CANILLEJAS","154.115"
2016-03-01,"TETUÁN","153.620"
2016-03-01,"USERA","134.689"
2016-03-01,"VICÁLVARO"," 69.973"
2016-03-01,"VILLA DE VALLECAS","103.024"
2016-03-01,"VILLAVERDE","142.373"
2016-04-01,"ARGANZUELA","152.599"
2016-04-01,"BARAJAS"," 46.846"
2016-04-01,"CARABANCHEL","244.213"
2016-04-01,"CENTRO","133.203"
2016-04-01,"CHAMARTÍN","143.540"
2016-04-01,"CHAMBERÍ","138.299"
2016-04-01,"CIUDAD LINEAL","213.671"
2016-04-01,"FUENCARRAL - EL PARDO","237.643"
2016-04-01,"HORTALEZA","179.742"
2016-04-01,"LATINA","235.262"
2016-04-01,"MONCLOA - ARAVACA","117.284"
2016-04-01,"MORATALAZ"," 94.977"
2016-04-01,"PUENTE DE VALLECAS","228.659"
2016-04-01,"RETIRO","119.210"
2016-04-01,"SALAMANCA","144.347"
2016-04-01,"SAN BLAS-CANILLEJAS","154.496"
2016-04-01,"TETUÁN","154.099"
2016-04-01,"USERA","135.224"
2016-04-01,"VICÁLVARO"," 70.098"
2016-04-01,"VILLA DE VALLECAS","103.313"
2016-04-01,"VILLAVERDE","142.699"
2016-05-01,"ARGANZUELA","152.181"
2016-05-01,"BARAJAS"," 46.716"
2016-05-01,"CARABANCHEL","243.531"
2016-05-01,"CENTRO","132.364"
2016-05-01,"CHAMARTÍN","143.008"
2016-05-01,"CHAMBERÍ","137.650"
2016-05-01,"CIUDAD LINEAL","212.941"
2016-05-01,"FUENCARRAL - EL PARDO","237.457"
2016-05-01,"HORTALEZA","179.536"
2016-05-01,"LATINA","234.547"
2016-05-01,"MONCLOA - ARAVACA","117.024"
2016-05-01,"MORATALAZ"," 94.726"
2016-05-01,"PUENTE DE VALLECAS","227.844"
2016-05-01,"RETIRO","118.922"
2016-05-01,"SALAMANCA","143.709"
2016-05-01,"SAN BLAS-CANILLEJAS","154.183"
2016-05-01,"TETUÁN","153.648"
2016-05-01,"USERA","134.893"
2016-05-01,"VICÁLVARO"," 70.115"
2016-05-01,"VILLA DE VALLECAS","103.232"
2016-05-01,"VILLAVERDE","142.348"
2016-06-01,"ARGANZUELA","152.304"
2016-06-01,"BARAJAS"," 46.798"
2016-06-01,"CARABANCHEL","244.112"
2016-06-01,"CENTRO","132.477"
2016-06-01,"CHAMARTÍN","143.206"
2016-06-01,"CHAMBERÍ","137.717"
2016-06-01,"CIUDAD LINEAL","213.319"
2016-06-01,"FUENCARRAL - EL PARDO","238.005"
2016-06-01,"HORTALEZA","179.805"
2016-06-01,"LATINA","234.961"
2016-06-01,"MONCLOA - ARAVACA","117.134"
2016-06-01,"MORATALAZ"," 94.736"
2016-06-01,"PUENTE DE VALLECAS","228.156"
2016-06-01,"RETIRO","118.982"
2016-06-01,"SALAMANCA","143.844"
2016-06-01,"SAN BLAS-CANILLEJAS","154.385"
2016-06-01,"TETUÁN","154.029"
2016-06-01,"USERA","135.202"
2016-06-01,"VICÁLVARO"," 70.163"
2016-06-01,"VILLA DE VALLECAS","103.640"
2016-06-01,"VILLAVERDE","142.716"
2016-07-01,"ARGANZUELA","152.111"
2016-07-01,"BARAJAS"," 46.771"
2016-07-01,"CARABANCHEL","243.586"
2016-07-01,"CENTRO","131.864"
2016-07-01,"CHAMARTÍN","142.981"
2016-07-01,"CHAMBERÍ","137.509"
2016-07-01,"CIUDAD LINEAL","213.027"
2016-07-01,"FUENCARRAL - EL PARDO","237.973"
2016-07-01,"HORTALEZA","179.675"
2016-07-01,"LATINA","234.509"
2016-07-01,"MONCLOA - ARAVACA","116.928"
2016-07-01,"MORATALAZ"," 94.573"
2016-07-01,"PUENTE DE VALLECAS","227.679"
2016-07-01,"RETIRO","118.793"
2016-07-01,"SALAMANCA","143.432"
2016-07-01,"SAN BLAS-CANILLEJAS","154.206"
2016-07-01,"TETUÁN","153.682"
2016-07-01,"USERA","134.814"
2016-07-01,"VICÁLVARO"," 70.104"
2016-07-01,"VILLA DE VALLECAS","103.572"
2016-07-01,"VILLAVERDE","142.304"
2016-08-01,"ARGANZUELA","152.225"
2016-08-01,"BARAJAS"," 46.860"
2016-08-01,"CARABANCHEL","243.904"
2016-08-01,"CENTRO","132.300"
2016-08-01,"CHAMARTÍN","143.280"
2016-08-01,"CHAMBERÍ","137.630"
2016-08-01,"CIUDAD LINEAL","213.256"
2016-08-01,"FUENCARRAL - EL PARDO","238.368"
2016-08-01,"HORTALEZA","180.054"
2016-08-01,"LATINA","234.774"
2016-08-01,"MONCLOA - ARAVACA","117.036"
2016-08-01,"MORATALAZ"," 94.641"
2016-08-01,"PUENTE DE VALLECAS","228.047"
2016-08-01,"RETIRO","118.808"
2016-08-01,"SALAMANCA","143.684"
2016-08-01,"SAN BLAS-CANILLEJAS","154.360"
2016-08-01,"TETUÁN","153.958"
2016-08-01,"USERA","135.021"
2016-08-01,"VICÁLVARO"," 70.170"
2016-08-01,"VILLA DE VALLECAS","103.828"
2016-08-01,"VILLAVERDE","142.569"
2016-09-01,"ARGANZUELA","151.815"
2016-09-01,"BARAJAS"," 46.850"
2016-09-01,"CARABANCHEL","243.158"
2016-09-01,"CENTRO","131.802"
2016-09-01,"CHAMARTÍN","143.230"
2016-09-01,"CHAMBERÍ","137.388"
2016-09-01,"CIUDAD LINEAL","212.783"
2016-09-01,"FUENCARRAL - EL PARDO","238.410"
2016-09-01,"HORTALEZA","179.913"
2016-09-01,"LATINA","234.067"
2016-09-01,"MONCLOA - ARAVACA","116.849"
2016-09-01,"MORATALAZ"," 94.403"
2016-09-01,"PUENTE DE VALLECAS","227.532"
2016-09-01,"RETIRO","118.660"
2016-09-01,"SALAMANCA","143.586"
2016-09-01,"SAN BLAS-CANILLEJAS","154.310"
2016-09-01,"TETUÁN","153.352"
2016-09-01,"USERA","134.506"
2016-09-01,"VICÁLVARO"," 69.975"
2016-09-01,"VILLA DE VALLECAS","103.916"
2016-09-01,"VILLAVERDE","142.334"
2016-10-01,"ARGANZUELA","152.120"
2016-10-01,"BARAJAS"," 46.934"
2016-10-01,"CARABANCHEL","243.864"
2016-10-01,"CENTRO","132.311"
2016-10-01,"CHAMARTÍN","143.575"
2016-10-01,"CHAMBERÍ","137.602"
2016-10-01,"CIUDAD LINEAL","212.970"
2016-10-01,"FUENCARRAL - EL PARDO","238.722"
2016-10-01,"HORTALEZA","180.386"
2016-10-01,"LATINA","234.421"
2016-10-01,"MONCLOA - ARAVACA","117.220"
2016-10-01,"MORATALAZ"," 94.475"
2016-10-01,"PUENTE DE VALLECAS","227.954"
2016-10-01,"RETIRO","118.834"
2016-10-01,"SALAMANCA","144.084"
2016-10-01,"SAN BLAS-CANILLEJAS","154.541"
2016-10-01,"TETUÁN","153.689"
2016-10-01,"USERA","134.899"
2016-10-01,"VICÁLVARO"," 70.076"
2016-10-01,"VILLA DE VALLECAS","104.210"
2016-10-01,"VILLAVERDE","142.674"
2016-11-01,"ARGANZUELA","152.449"
2016-11-01,"BARAJAS"," 47.034"
2016-11-01,"CARABANCHEL","244.781"
2016-11-01,"CENTRO","132.651"
2016-11-01,"CHAMARTÍN","143.838"
2016-11-01,"CHAMBERÍ","137.956"
2016-11-01,"CIUDAD LINEAL","213.364"
2016-11-01,"FUENCARRAL - EL PARDO","239.266"
2016-11-01,"HORTALEZA","180.795"
2016-11-01,"LATINA","234.766"
2016-11-01,"MONCLOA - ARAVACA","117.485"
2016-11-01,"MORATALAZ"," 94.551"
2016-11-01,"PUENTE DE VALLECAS","228.477"
2016-11-01,"RETIRO","118.999"
2016-11-01,"SALAMANCA","144.390"
2016-11-01,"SAN BLAS-CANILLEJAS","154.925"
2016-11-01,"TETUÁN","154.268"
2016-11-01,"USERA","135.349"
2016-11-01,"VICÁLVARO"," 70.201"
2016-11-01,"VILLA DE VALLECAS","104.510"
2016-11-01,"VILLAVERDE","143.079"
2016-12-01,"ARGANZUELA","152.337"
2016-12-01,"BARAJAS"," 47.000"
2016-12-01,"CARABANCHEL","244.709"
2016-12-01,"CENTRO","132.422"
2016-12-01,"CHAMARTÍN","143.816"
2016-12-01,"CHAMBERÍ","137.943"
2016-12-01,"CIUDAD LINEAL","213.133"
2016-12-01,"FUENCARRAL - EL PARDO","239.225"
2016-12-01,"HORTALEZA","180.879"
2016-12-01,"LATINA","234.486"
2016-12-01,"MONCLOA - ARAVACA","117.310"
2016-12-01,"MORATALAZ"," 94.495"
2016-12-01,"PUENTE DE VALLECAS","228.249"
2016-12-01,"RETIRO","118.844"
2016-12-01,"SALAMANCA","144.249"
2016-12-01,"SAN BLAS-CANILLEJAS","154.782"
2016-12-01,"TETUÁN","154.222"
2016-12-01,"USERA","135.189"
2016-12-01,"VICÁLVARO"," 70.203"
2016-12-01,"VILLA DE VALLECAS","104.565"
2016-12-01,"VILLAVERDE","143.059"
2017-01-01,"ARGANZUELA","152.357"
2017-01-01,"BARAJAS"," 47.030"
2017-01-01,"CARABANCHEL","244.976"
2017-01-01,"CENTRO","132.178"
2017-01-01,"CHAMARTÍN","143.938"
2017-01-01,"CHAMBERÍ","137.869"
2017-01-01,"CIUDAD LINEAL","213.168"
2017-01-01,"FUENCARRAL - EL PARDO","239.531"
2017-01-01,"HORTALEZA","181.234"
2017-01-01,"LATINA","234.480"
2017-01-01,"MONCLOA - ARAVACA","117.137"
2017-01-01,"MORATALAZ"," 94.432"
2017-01-01,"PUENTE DE VALLECAS","228.372"
2017-01-01,"RETIRO","118.848"
2017-01-01,"SALAMANCA","144.197"
2017-01-01,"SAN BLAS-CANILLEJAS","155.063"
2017-01-01,"TETUÁN","154.346"
2017-01-01,"USERA","135.366"
2017-01-01,"VICÁLVARO"," 70.251"
2017-01-01,"VILLA DE VALLECAS","104.780"
2017-01-01,"VILLAVERDE","143.253"
2017-02-01,"ARGANZUELA","152.645"
2017-02-01,"BARAJAS"," 47.136"
2017-02-01,"CARABANCHEL","245.506"
2017-02-01,"CENTRO","132.536"
2017-02-01,"CHAMARTÍN","144.154"
2017-02-01,"CHAMBERÍ","138.016"
2017-02-01,"CIUDAD LINEAL","213.481"
2017-02-01,"FUENCARRAL - EL PARDO","240.089"
2017-02-01,"HORTALEZA","181.476"
2017-02-01,"LATINA","234.936"
2017-02-01,"MONCLOA - ARAVACA","117.256"
2017-02-01,"MORATALAZ"," 94.426"
2017-02-01,"PUENTE DE VALLECAS","228.713"
2017-02-01,"RETIRO","118.911"
2017-02-01,"SALAMANCA","144.451"
2017-02-01,"SAN BLAS-CANILLEJAS","155.323"
2017-02-01,"TETUÁN","154.785"
2017-02-01,"USERA","135.730"
2017-02-01,"VICÁLVARO"," 70.344"
2017-02-01,"VILLA DE VALLECAS","105.033"
2017-02-01,"VILLAVERDE","143.585"
2017-03-01,"ARGANZUELA","152.174"
2017-03-01,"BARAJAS"," 47.184"
2017-03-01,"CARABANCHEL","245.211"
2017-03-01,"CENTRO","131.752"
2017-03-01,"CHAMARTÍN","143.962"
2017-03-01,"CHAMBERÍ","137.638"
2017-03-01,"CIUDAD LINEAL","213.223"
2017-03-01,"FUENCARRAL - EL PARDO","240.036"
2017-03-01,"HORTALEZA","181.312"
2017-03-01,"LATINA","234.696"
2017-03-01,"MONCLOA - ARAVACA","117.047"
2017-03-01,"MORATALAZ"," 94.413"
2017-03-01,"PUENTE DE VALLECAS","228.270"
2017-03-01,"RETIRO","118.599"
2017-03-01,"SALAMANCA","143.955"
2017-03-01,"SAN BLAS-CANILLEJAS","155.249"
2017-03-01,"TETUÁN","154.394"
2017-03-01,"USERA","135.457"
2017-03-01,"VICÁLVARO"," 70.354"
2017-03-01,"VILLA DE VALLECAS","105.099"
2017-03-01,"VILLAVERDE","143.471"
2017-04-01,"ARGANZUELA","152.195"
2017-04-01,"BARAJAS"," 47.305"
2017-04-01,"CARABANCHEL","245.361"
2017-04-01,"CENTRO","131.566"
2017-04-01,"CHAMARTÍN","144.043"
2017-04-01,"CHAMBERÍ","137.640"
2017-04-01,"CIUDAD LINEAL","213.416"
2017-04-01,"FUENCARRAL - EL PARDO","240.569"
2017-04-01,"HORTALEZA","181.645"
2017-04-01,"LATINA","234.679"
2017-04-01,"MONCLOA - ARAVACA","117.073"
2017-04-01,"MORATALAZ"," 94.380"
2017-04-01,"PUENTE DE VALLECAS","228.274"
2017-04-01,"RETIRO","118.618"
2017-04-01,"SALAMANCA","143.920"
2017-04-01,"SAN BLAS-CANILLEJAS","155.366"
2017-04-01,"TETUÁN","154.345"
2017-04-01,"USERA","135.658"
2017-04-01,"VICÁLVARO"," 70.451"
2017-04-01,"VILLA DE VALLECAS","105.518"
2017-04-01,"VILLAVERDE","143.682"
2017-05-01,"ARGANZUELA","152.438"
2017-05-01,"BARAJAS"," 47.461"
2017-05-01,"CARABANCHEL","246.175"
2017-05-01,"CENTRO","131.745"
2017-05-01,"CHAMARTÍN","144.276"
2017-05-01,"CHAMBERÍ","137.820"
2017-05-01,"CIUDAD LINEAL","213.921"
2017-05-01,"FUENCARRAL - EL PARDO","240.994"
2017-05-01,"HORTALEZA","182.176"
2017-05-01,"LATINA","234.994"
2017-05-01,"MONCLOA - ARAVACA","117.213"
2017-05-01,"MORATALAZ"," 94.419"
2017-05-01,"PUENTE DE VALLECAS","228.916"
2017-05-01,"RETIRO","118.691"
2017-05-01,"SALAMANCA","144.147"
2017-05-01,"SAN BLAS-CANILLEJAS","155.624"
2017-05-01,"TETUÁN","154.838"
2017-05-01,"USERA","136.021"
2017-05-01,"VICÁLVARO"," 70.649"
2017-05-01,"VILLA DE VALLECAS","105.996"
2017-05-01,"VILLAVERDE","144.166"
2017-06-01,"ARGANZUELA","152.588"
2017-06-01,"BARAJAS"," 47.586"
2017-06-01,"CARABANCHEL","246.800"
2017-06-01,"CENTRO","131.898"
2017-06-01,"CHAMARTÍN","144.466"
2017-06-01,"CHAMBERÍ","137.958"
2017-06-01,"CIUDAD LINEAL","214.273"
2017-06-01,"FUENCARRAL - EL PARDO","241.384"
2017-06-01,"HORTALEZA","182.358"
2017-06-01,"LATINA","235.277"
2017-06-01,"MONCLOA - ARAVACA","117.362"
2017-06-01,"MORATALAZ"," 94.468"
2017-06-01,"PUENTE DE VALLECAS","229.366"
2017-06-01,"RETIRO","118.757"
2017-06-01,"SALAMANCA","144.424"
2017-06-01,"SAN BLAS-CANILLEJAS","155.842"
2017-06-01,"TETUÁN","155.181"
2017-06-01,"USERA","136.287"
2017-06-01,"VICÁLVARO"," 70.711"
2017-06-01,"VILLA DE VALLECAS","106.331"
2017-06-01,"VILLAVERDE","144.529"
2017-07-01,"ARGANZUELA","152.540"
2017-07-01,"BARAJAS"," 47.590"
2017-07-01,"CARABANCHEL","246.516"
2017-07-01,"CENTRO","131.497"
2017-07-01,"CHAMARTÍN","144.322"
2017-07-01,"CHAMBERÍ","137.779"
2017-07-01,"CIUDAD LINEAL","214.257"
2017-07-01,"FUENCARRAL - EL PARDO","241.528"
2017-07-01,"HORTALEZA","182.437"
2017-07-01,"LATINA","235.095"
2017-07-01,"MONCLOA - ARAVACA","117.236"
2017-07-01,"MORATALAZ"," 94.436"
2017-07-01,"PUENTE DE VALLECAS","229.066"
2017-07-01,"RETIRO","118.643"
2017-07-01,"SALAMANCA","143.931"
2017-07-01,"SAN BLAS-CANILLEJAS","155.720"
2017-07-01,"TETUÁN","154.913"
2017-07-01,"USERA","136.134"
2017-07-01,"VICÁLVARO"," 70.711"
2017-07-01,"VILLA DE VALLECAS","106.544"
2017-07-01,"VILLAVERDE","144.495"
2017-08-01,"ARGANZUELA","152.491"
2017-08-01,"BARAJAS"," 47.624"
2017-08-01,"CARABANCHEL","246.992"
2017-08-01,"CENTRO","131.467"
2017-08-01,"CHAMARTÍN","144.510"
2017-08-01,"CHAMBERÍ","137.950"
2017-08-01,"CIUDAD LINEAL","214.479"
2017-08-01,"FUENCARRAL - EL PARDO","241.854"
2017-08-01,"HORTALEZA","182.778"
2017-08-01,"LATINA","235.208"
2017-08-01,"MONCLOA - ARAVACA","117.357"
2017-08-01,"MORATALAZ"," 94.530"
2017-08-01,"PUENTE DE VALLECAS","229.431"
2017-08-01,"RETIRO","118.774"
2017-08-01,"SALAMANCA","144.184"
2017-08-01,"SAN BLAS-CANILLEJAS","155.840"
2017-08-01,"TETUÁN","155.135"
2017-08-01,"USERA","136.361"
2017-08-01,"VICÁLVARO"," 70.820"
2017-08-01,"VILLA DE VALLECAS","106.854"
2017-08-01,"VILLAVERDE","144.855"
2017-09-01,"ARGANZUELA","152.732"
2017-09-01,"BARAJAS"," 47.760"
2017-09-01,"CARABANCHEL","247.557"
2017-09-01,"CENTRO","132.035"
2017-09-01,"CHAMARTÍN","144.950"
2017-09-01,"CHAMBERÍ","138.250"
2017-09-01,"CIUDAD LINEAL","214.758"
2017-09-01,"FUENCARRAL - EL PARDO","242.455"
2017-09-01,"HORTALEZA","183.276"
2017-09-01,"LATINA","235.682"
2017-09-01,"MONCLOA - ARAVACA","117.667"
2017-09-01,"MORATALAZ"," 94.646"
2017-09-01,"PUENTE DE VALLECAS","230.101"
2017-09-01,"RETIRO","118.965"
2017-09-01,"SALAMANCA","144.751"
2017-09-01,"SAN BLAS-CANILLEJAS","156.251"
2017-09-01,"TETUÁN","155.566"
2017-09-01,"USERA","136.831"
2017-09-01,"VICÁLVARO"," 70.956"
2017-09-01,"VILLA DE VALLECAS","107.186"
2017-09-01,"VILLAVERDE","145.357"
2017-10-01,"ARGANZUELA","153.160"
2017-10-01,"BARAJAS"," 47.760"
2017-10-01,"CARABANCHEL","248.398"
2017-10-01,"CENTRO","132.744"
2017-10-01,"CHAMARTÍN","145.241"
2017-10-01,"CHAMBERÍ","138.697"
2017-10-01,"CIUDAD LINEAL","215.259"
2017-10-01,"FUENCARRAL - EL PARDO","243.157"
2017-10-01,"HORTALEZA","183.663"
2017-10-01,"LATINA","236.119"
2017-10-01,"MONCLOA - ARAVACA","118.055"
2017-10-01,"MORATALAZ"," 94.634"
2017-10-01,"PUENTE DE VALLECAS","230.837"
2017-10-01,"RETIRO","119.209"
2017-10-01,"SALAMANCA","145.421"
2017-10-01,"SAN BLAS-CANILLEJAS","156.569"
2017-10-01,"TETUÁN","156.235"
2017-10-01,"USERA","137.158"
2017-10-01,"VICÁLVARO"," 71.109"
2017-10-01,"VILLA DE VALLECAS","107.554"
2017-10-01,"VILLAVERDE","145.791"
2017-11-01,"ARGANZUELA","153.040"
2017-11-01,"BARAJAS"," 47.861"
2017-11-01,"CARABANCHEL","248.431"
2017-11-01,"CENTRO","132.619"
2017-11-01,"CHAMARTÍN","145.209"
2017-11-01,"CHAMBERÍ","138.668"
2017-11-01,"CIUDAD LINEAL","214.973"
2017-11-01,"FUENCARRAL - EL PARDO","243.261"
2017-11-01,"HORTALEZA","183.876"
2017-11-01,"LATINA","236.049"
2017-11-01,"MONCLOA - ARAVACA","118.194"
2017-11-01,"MORATALAZ"," 94.561"
2017-11-01,"PUENTE DE VALLECAS","230.804"
2017-11-01,"RETIRO","119.198"
2017-11-01,"SALAMANCA","145.564"
2017-11-01,"SAN BLAS-CANILLEJAS","156.407"
2017-11-01,"TETUÁN","156.215"
2017-11-01,"USERA","137.074"
2017-11-01,"VICÁLVARO"," 71.097"
2017-11-01,"VILLA DE VALLECAS","107.615"
2017-11-01,"VILLAVERDE","145.792"
2017-12-01,"ARGANZUELA","153.347"
2017-12-01,"BARAJAS"," 47.919"
2017-12-01,"CARABANCHEL","248.941"
2017-12-01,"CENTRO","132.781"
2017-12-01,"CHAMARTÍN","145.344"
2017-12-01,"CHAMBERÍ","138.842"
2017-12-01,"CIUDAD LINEAL","215.100"
2017-12-01,"FUENCARRAL - EL PARDO","243.552"
2017-12-01,"HORTALEZA","184.334"
2017-12-01,"LATINA","236.452"
2017-12-01,"MONCLOA - ARAVACA","118.223"
2017-12-01,"MORATALAZ"," 94.521"
2017-12-01,"PUENTE DE VALLECAS","231.175"
2017-12-01,"RETIRO","119.349"
2017-12-01,"SALAMANCA","145.692"
2017-12-01,"SAN BLAS-CANILLEJAS","156.635"
2017-12-01,"TETUÁN","156.470"
2017-12-01,"USERA","137.412"
2017-12-01,"VICÁLVARO"," 71.120"
2017-12-01,"VILLA DE VALLECAS","107.860"
2017-12-01,"VILLAVERDE","145.993"
2018-01-01,"ARGANZUELA","153.438"
2018-01-01,"BARAJAS"," 48.078"
2018-01-01,"CARABANCHEL","249.478"
2018-01-01,"CENTRO","132.808"
2018-01-01,"CHAMARTÍN","145.564"
2018-01-01,"CHAMBERÍ","139.056"
2018-01-01,"CIUDAD LINEAL","215.392"
2018-01-01,"FUENCARRAL - EL PARDO","244.130"
2018-01-01,"HORTALEZA","184.856"
2018-01-01,"LATINA","236.916"
2018-01-01,"MONCLOA - ARAVACA","118.431"
2018-01-01,"MORATALAZ"," 94.570"
2018-01-01,"PUENTE DE VALLECAS","231.524"
2018-01-01,"RETIRO","119.514"
2018-01-01,"SALAMANCA","145.815"
2018-01-01,"SAN BLAS-CANILLEJAS","156.983"
2018-01-01,"TETUÁN","156.665"
2018-01-01,"USERA","137.611"
2018-01-01,"VICÁLVARO"," 71.230"
2018-01-01,"VILLA DE VALLECAS","108.127"
2018-01-01,"VILLAVERDE","146.218"
2018-02-01,"ARGANZUELA","153.531"
2018-02-01,"BARAJAS"," 48.196"
2018-02-01,"CARABANCHEL","249.943"
2018-02-01,"CENTRO","132.888"
2018-02-01,"CHAMARTÍN","145.564"
2018-02-01,"CHAMBERÍ","139.112"
2018-02-01,"CIUDAD LINEAL","215.563"
2018-02-01,"FUENCARRAL - EL PARDO","244.467"
2018-02-01,"HORTALEZA","185.151"
2018-02-01,"LATINA","237.110"
2018-02-01,"MONCLOA - ARAVACA","118.501"
2018-02-01,"MORATALAZ"," 94.648"
2018-02-01,"PUENTE DE VALLECAS","232.104"
2018-02-01,"RETIRO","119.516"
2018-02-01,"SALAMANCA","145.893"
2018-02-01,"SAN BLAS-CANILLEJAS","157.219"
2018-02-01,"TETUÁN","156.869"
2018-02-01,"USERA","137.951"
2018-02-01,"VICÁLVARO"," 71.305"
2018-02-01,"VILLA DE VALLECAS","108.354"
2018-02-01,"VILLAVERDE","146.831"
2018-03-01,"ARGANZUELA","153.340"
2018-03-01,"BARAJAS"," 48.311"
2018-03-01,"CARABANCHEL","249.673"
2018-03-01,"CENTRO","132.284"
2018-03-01,"CHAMARTÍN","145.380"
2018-03-01,"CHAMBERÍ","138.877"
2018-03-01,"CIUDAD LINEAL","215.520"
2018-03-01,"FUENCARRAL - EL PARDO","244.477"
2018-03-01,"HORTALEZA","185.275"
2018-03-01,"LATINA","236.798"
2018-03-01,"MONCLOA - ARAVACA","118.395"
2018-03-01,"MORATALAZ"," 94.631"
2018-03-01,"PUENTE DE VALLECAS","231.815"
2018-03-01,"RETIRO","119.375"
2018-03-01,"SALAMANCA","145.471"
2018-03-01,"SAN BLAS-CANILLEJAS","157.159"
2018-03-01,"TETUÁN","156.596"
2018-03-01,"USERA","137.838"
2018-03-01,"VICÁLVARO"," 71.262"
2018-03-01,"VILLA DE VALLECAS","108.506"
2018-03-01,"VILLAVERDE","146.864"
2018-04-01,"ARGANZUELA","153.707"
2018-04-01,"BARAJAS"," 48.482"
2018-04-01,"CARABANCHEL","250.607"
2018-04-01,"CENTRO","132.530"
2018-04-01,"CHAMARTÍN","145.628"
2018-04-01,"CHAMBERÍ","139.075"
2018-04-01,"CIUDAD LINEAL","215.892"
2018-04-01,"FUENCARRAL - EL PARDO","244.943"
2018-04-01,"HORTALEZA","185.902"
2018-04-01,"LATINA","237.374"
2018-04-01,"MONCLOA - ARAVACA","118.598"
2018-04-01,"MORATALAZ"," 94.781"
2018-04-01,"PUENTE DE VALLECAS","232.763"
2018-04-01,"RETIRO","119.455"
2018-04-01,"SALAMANCA","145.678"
2018-04-01,"SAN BLAS-CANILLEJAS","157.715"
2018-04-01,"TETUÁN","156.940"
2018-04-01,"USERA","138.325"
2018-04-01,"VICÁLVARO"," 71.469"
2018-04-01,"VILLA DE VALLECAS","108.898"
2018-04-01,"VILLAVERDE","147.453"
2018-05-01,"ARGANZUELA","153.425"
2018-05-01,"BARAJAS"," 48.546"
2018-05-01,"CARABANCHEL","250.552"
2018-05-01,"CENTRO","132.190"
2018-05-01,"CHAMARTÍN","145.570"
2018-05-01,"CHAMBERÍ","138.881"
2018-05-01,"CIUDAD LINEAL","215.859"
2018-05-01,"FUENCARRAL - EL PARDO","244.883"
2018-05-01,"HORTALEZA","186.031"
2018-05-01,"LATINA","237.207"
2018-05-01,"MONCLOA - ARAVACA","118.605"
2018-05-01,"MORATALAZ"," 94.809"
2018-05-01,"PUENTE DE VALLECAS","232.826"
2018-05-01,"RETIRO","119.333"
2018-05-01,"SALAMANCA","145.470"
2018-05-01,"SAN BLAS-CANILLEJAS","157.600"
2018-05-01,"TETUÁN","156.734"
2018-05-01,"USERA","138.366"
2018-05-01,"VICÁLVARO"," 71.487"
2018-05-01,"VILLA DE VALLECAS","109.036"
2018-05-01,"VILLAVERDE","147.468"
2018-06-01,"ARGANZUELA","153.415"
2018-06-01,"BARAJAS"," 48.497"
2018-06-01,"CARABANCHEL","250.671"
2018-06-01,"CENTRO","131.884"
2018-06-01,"CHAMARTÍN","145.430"
2018-06-01,"CHAMBERÍ","138.713"
2018-06-01,"CIUDAD LINEAL","215.684"
2018-06-01,"FUENCARRAL - EL PARDO","244.993"
2018-06-01,"HORTALEZA","186.096"
2018-06-01,"LATINA","237.083"
2018-06-01,"MONCLOA - ARAVACA","118.692"
2018-06-01,"MORATALAZ"," 94.686"
2018-06-01,"PUENTE DE VALLECAS","232.904"
2018-06-01,"RETIRO","119.261"
2018-06-01,"SALAMANCA","145.304"
2018-06-01,"SAN BLAS-CANILLEJAS","157.541"
2018-06-01,"TETUÁN","156.703"
2018-06-01,"USERA","138.504"
2018-06-01,"VICÁLVARO"," 71.417"
2018-06-01,"VILLA DE VALLECAS","109.159"
2018-06-01,"VILLAVERDE","147.566"
2018-07-01,"ARGANZUELA","153.518"
2018-07-01,"BARAJAS"," 48.611"
2018-07-01,"CARABANCHEL","251.087"
2018-07-01,"CENTRO","131.964"
2018-07-01,"CHAMARTÍN","145.564"
2018-07-01,"CHAMBERÍ","138.837"
2018-07-01,"CIUDAD LINEAL","215.909"
2018-07-01,"FUENCARRAL - EL PARDO","245.505"
2018-07-01,"HORTALEZA","186.457"
2018-07-01,"LATINA","237.342"
2018-07-01,"MONCLOA - ARAVACA","118.761"
2018-07-01,"MORATALAZ"," 94.690"
2018-07-01,"PUENTE DE VALLECAS","233.380"
2018-07-01,"RETIRO","119.213"
2018-07-01,"SALAMANCA","145.428"
2018-07-01,"SAN BLAS-CANILLEJAS","157.805"
2018-07-01,"TETUÁN","156.969"
2018-07-01,"USERA","138.635"
2018-07-01,"VICÁLVARO"," 71.448"
2018-07-01,"VILLA DE VALLECAS","109.385"
2018-07-01,"VILLAVERDE","147.798"
2018-08-01,"ARGANZUELA","153.561"
2018-08-01,"BARAJAS"," 48.699"
2018-08-01,"CARABANCHEL","251.748"
2018-08-01,"CENTRO","132.244"
2018-08-01,"CHAMARTÍN","145.615"
2018-08-01,"CHAMBERÍ","138.922"
2018-08-01,"CIUDAD LINEAL","216.205"
2018-08-01,"FUENCARRAL - EL PARDO","245.705"
2018-08-01,"HORTALEZA","186.928"
2018-08-01,"LATINA","237.630"
2018-08-01,"MONCLOA - ARAVACA","118.748"
2018-08-01,"MORATALAZ"," 94.698"
2018-08-01,"PUENTE DE VALLECAS","233.797"
2018-08-01,"RETIRO","119.287"
2018-08-01,"SALAMANCA","145.630"
2018-08-01,"SAN BLAS-CANILLEJAS","157.971"
2018-08-01,"TETUÁN","157.186"
2018-08-01,"USERA","138.890"
2018-08-01,"VICÁLVARO"," 71.673"
2018-08-01,"VILLA DE VALLECAS","109.710"
2018-08-01,"VILLAVERDE","148.071"
2018-09-01,"ARGANZUELA","153.643"
2018-09-01,"BARAJAS"," 48.796"
2018-09-01,"CARABANCHEL","252.216"
2018-09-01,"CENTRO","132.501"
2018-09-01,"CHAMARTÍN","145.762"
2018-09-01,"CHAMBERÍ","139.252"
2018-09-01,"CIUDAD LINEAL","216.199"
2018-09-01,"FUENCARRAL - EL PARDO","246.064"
2018-09-01,"HORTALEZA","187.411"
2018-09-01,"LATINA","237.755"
2018-09-01,"MONCLOA - ARAVACA","118.937"
2018-09-01,"MORATALAZ"," 94.667"
2018-09-01,"PUENTE DE VALLECAS","234.244"
2018-09-01,"RETIRO","119.473"
2018-09-01,"SALAMANCA","145.893"
2018-09-01,"SAN BLAS-CANILLEJAS","158.152"
2018-09-01,"TETUÁN","157.318"
2018-09-01,"USERA","139.013"
2018-09-01,"VICÁLVARO"," 71.741"
2018-09-01,"VILLA DE VALLECAS","109.935"
2018-09-01,"VILLAVERDE","148.300"
2018-10-01,"ARGANZUELA","153.780"
2018-10-01,"BARAJAS"," 48.885"
2018-10-01,"CARABANCHEL","252.673"
2018-10-01,"CENTRO","133.461"
2018-10-01,"CHAMARTÍN","145.931"
2018-10-01,"CHAMBERÍ","139.563"
2018-10-01,"CIUDAD LINEAL","216.441"
2018-10-01,"FUENCARRAL - EL PARDO","246.357"
2018-10-01,"HORTALEZA","187.885"
2018-10-01,"LATINA","238.028"
2018-10-01,"MONCLOA - ARAVACA","119.350"
2018-10-01,"MORATALAZ"," 94.755"
2018-10-01,"PUENTE DE VALLECAS","234.482"
2018-10-01,"RETIRO","119.600"
2018-10-01,"SALAMANCA","146.375"
2018-10-01,"SAN BLAS-CANILLEJAS","158.257"
2018-10-01,"TETUÁN","157.652"
2018-10-01,"USERA","139.313"
2018-10-01,"VICÁLVARO"," 71.885"
2018-10-01,"VILLA DE VALLECAS","110.088"
2018-10-01,"VILLAVERDE","148.349"
2018-11-01,"ARGANZUELA","154.204"
2018-11-01,"BARAJAS"," 49.071"
2018-11-01,"CARABANCHEL","253.433"
2018-11-01,"CENTRO","134.742"
2018-11-01,"CHAMARTÍN","146.178"
2018-11-01,"CHAMBERÍ","139.920"
2018-11-01,"CIUDAD LINEAL","216.816"
2018-11-01,"FUENCARRAL - EL PARDO","246.697"
2018-11-01,"HORTALEZA","188.526"
2018-11-01,"LATINA","238.626"
2018-11-01,"MONCLOA - ARAVACA","119.690"
2018-11-01,"MORATALAZ"," 94.854"
2018-11-01,"PUENTE DE VALLECAS","235.107"
2018-11-01,"RETIRO","119.704"
2018-11-01,"SALAMANCA","146.720"
2018-11-01,"SAN BLAS-CANILLEJAS","158.571"
2018-11-01,"TETUÁN","158.329"
2018-11-01,"USERA","139.760"
2018-11-01,"VICÁLVARO"," 72.112"
2018-11-01,"VILLA DE VALLECAS","110.458"
2018-11-01,"VILLAVERDE","149.004"
2018-12-01,"ARGANZUELA","154.264"
2018-12-01,"BARAJAS"," 49.070"
2018-12-01,"CARABANCHEL","253.797"
2018-12-01,"CENTRO","135.314"
2018-12-01,"CHAMARTÍN","146.231"
2018-12-01,"CHAMBERÍ","139.914"
2018-12-01,"CIUDAD LINEAL","216.861"
2018-12-01,"FUENCARRAL - EL PARDO","246.640"
2018-12-01,"HORTALEZA","188.694"
2018-12-01,"LATINA","238.901"
2018-12-01,"MONCLOA - ARAVACA","119.789"
2018-12-01,"MORATALAZ"," 94.818"
2018-12-01,"PUENTE DE VALLECAS","235.418"
2018-12-01,"RETIRO","119.687"
2018-12-01,"SALAMANCA","146.578"
2018-12-01,"SAN BLAS-CANILLEJAS","158.602"
2018-12-01,"TETUÁN","158.494"
2018-12-01,"USERA","139.909"
2018-12-01,"VICÁLVARO"," 72.294"
2018-12-01,"VILLA DE VALLECAS","110.643"
2018-12-01,"VILLAVERDE","149.277"
2019-01-01,"ARGANZUELA","154.376"
2019-01-01,"BARAJAS"," 49.167"
2019-01-01,"CARABANCHEL","253.873"
2019-01-01,"CENTRO","135.818"
2019-01-01,"CHAMARTÍN","146.317"
2019-01-01,"CHAMBERÍ","139.797"
2019-01-01,"CIUDAD LINEAL","217.060"
2019-01-01,"FUENCARRAL - EL PARDO","246.822"
2019-01-01,"HORTALEZA","189.068"
2019-01-01,"LATINA","238.706"
2019-01-01,"MONCLOA - ARAVACA","119.776"
2019-01-01,"MORATALAZ"," 94.900"
2019-01-01,"PUENTE DE VALLECAS","235.645"
2019-01-01,"RETIRO","119.753"
2019-01-01,"SALAMANCA","146.483"
2019-01-01,"SAN BLAS-CANILLEJAS","158.637"
2019-01-01,"TETUÁN","158.367"
2019-01-01,"USERA","139.809"
2019-01-01,"VICÁLVARO"," 72.588"
2019-01-01,"VILLA DE VALLECAS","110.950"
2019-01-01,"VILLAVERDE","149.478"
2019-02-01,"ARGANZUELA","154.398"
2019-02-01,"BARAJAS"," 49.159"
2019-02-01,"CARABANCHEL","254.053"
2019-02-01,"CENTRO","136.370"
2019-02-01,"CHAMARTÍN","146.366"
2019-02-01,"CHAMBERÍ","139.720"
2019-02-01,"CIUDAD LINEAL","217.057"
2019-02-01,"FUENCARRAL - EL PARDO","246.821"
2019-02-01,"HORTALEZA","189.186"
2019-02-01,"LATINA","238.827"
2019-02-01,"MONCLOA - ARAVACA","119.768"
2019-02-01,"MORATALAZ"," 94.989"
2019-02-01,"PUENTE DE VALLECAS","236.005"
2019-02-01,"RETIRO","119.795"
2019-02-01,"SALAMANCA","146.501"
2019-02-01,"SAN BLAS-CANILLEJAS","158.582"
2019-02-01,"TETUÁN","158.273"
2019-02-01,"USERA","139.913"
2019-02-01,"VICÁLVARO"," 72.672"
2019-02-01,"VILLA DE VALLECAS","111.148"
2019-02-01,"VILLAVERDE","149.785"
2019-03-01,"ARGANZUELA","154.424"
2019-03-01,"BARAJAS"," 49.273"
2019-03-01,"CARABANCHEL","254.475"
2019-03-01,"CENTRO","136.689"
2019-03-01,"CHAMARTÍN","146.545"
2019-03-01,"CHAMBERÍ","139.799"
2019-03-01,"CIUDAD LINEAL","217.149"
2019-03-01,"FUENCARRAL - EL PARDO","247.005"
2019-03-01,"HORTALEZA","189.592"
2019-03-01,"LATINA","238.959"
2019-03-01,"MONCLOA - ARAVACA","119.869"
2019-03-01,"MORATALAZ"," 95.013"
2019-03-01,"PUENTE DE VALLECAS","236.324"
2019-03-01,"RETIRO","119.859"
2019-03-01,"SALAMANCA","146.585"
2019-03-01,"SAN BLAS-CANILLEJAS","158.641"
2019-03-01,"TETUÁN","158.488"
2019-03-01,"USERA","140.176"
2019-03-01,"VICÁLVARO"," 72.839"
2019-03-01,"VILLA DE VALLECAS","111.366"
2019-03-01,"VILLAVERDE","150.041"
2019-04-01,"ARGANZUELA","154.595"
2019-04-01,"BARAJAS"," 49.393"
2019-04-01,"CARABANCHEL","255.226"
2019-04-01,"CENTRO","137.136"
2019-04-01,"CHAMARTÍN","146.761"
2019-04-01,"CHAMBERÍ","139.861"
2019-04-01,"CIUDAD LINEAL","217.642"
2019-04-01,"FUENCARRAL - EL PARDO","247.413"
2019-04-01,"HORTALEZA","190.130"
2019-04-01,"LATINA","239.578"
2019-04-01,"MONCLOA - ARAVACA","120.025"
2019-04-01,"MORATALAZ"," 95.177"
2019-04-01,"PUENTE DE VALLECAS","237.017"
2019-04-01,"RETIRO","119.926"
2019-04-01,"SALAMANCA","146.667"
2019-04-01,"SAN BLAS-CANILLEJAS","158.959"
2019-04-01,"TETUÁN","158.956"
2019-04-01,"USERA","140.710"
2019-04-01,"VICÁLVARO"," 72.964"
2019-04-01,"VILLA DE VALLECAS","111.649"
2019-04-01,"VILLAVERDE","150.563"
2019-05-01,"ARGANZUELA","154.847"
2019-05-01,"BARAJAS"," 49.526"
2019-05-01,"CARABANCHEL","256.206"
2019-05-01,"CENTRO","137.860"
2019-05-01,"CHAMARTÍN","147.061"
2019-05-01,"CHAMBERÍ","139.971"
2019-05-01,"CIUDAD LINEAL","218.112"
2019-05-01,"FUENCARRAL - EL PARDO","247.964"
2019-05-01,"HORTALEZA","190.667"
2019-05-01,"LATINA","240.246"
2019-05-01,"MONCLOA - ARAVACA","120.234"
2019-05-01,"MORATALAZ"," 95.288"
2019-05-01,"PUENTE DE VALLECAS","237.766"
2019-05-01,"RETIRO","120.098"
2019-05-01,"SALAMANCA","146.829"
2019-05-01,"SAN BLAS-CANILLEJAS","159.448"
2019-05-01,"TETUÁN","159.267"
2019-05-01,"USERA","141.151"
2019-05-01,"VICÁLVARO"," 73.091"
2019-05-01,"VILLA DE VALLECAS","112.104"
2019-05-01,"VILLAVERDE","151.279"
2019-06-01,"ARGANZUELA","155.152"
2019-06-01,"BARAJAS"," 49.647"
2019-06-01,"CARABANCHEL","257.117"
2019-06-01,"CENTRO","138.552"
2019-06-01,"CHAMARTÍN","147.242"
2019-06-01,"CHAMBERÍ","140.132"
2019-06-01,"CIUDAD LINEAL","218.722"
2019-06-01,"FUENCARRAL - EL PARDO","248.584"
2019-06-01,"HORTALEZA","191.331"
2019-06-01,"LATINA","240.814"
2019-06-01,"MONCLOA - ARAVACA","120.548"
2019-06-01,"MORATALAZ"," 95.537"
2019-06-01,"PUENTE DE VALLECAS","238.572"
2019-06-01,"RETIRO","120.157"
2019-06-01,"SALAMANCA","147.016"
2019-06-01,"SAN BLAS-CANILLEJAS","159.960"
2019-06-01,"TETUÁN","159.852"
2019-06-01,"USERA","141.646"
2019-06-01,"VICÁLVARO"," 73.298"
2019-06-01,"VILLA DE VALLECAS","112.730"
2019-06-01,"VILLAVERDE","151.859"
2019-07-01,"ARGANZUELA","155.377"
2019-07-01,"BARAJAS"," 49.764"
2019-07-01,"CARABANCHEL","257.817"
2019-07-01,"CENTRO","139.037"
2019-07-01,"CHAMARTÍN","147.435"
2019-07-01,"CHAMBERÍ","140.289"
2019-07-01,"CIUDAD LINEAL","219.160"
2019-07-01,"FUENCARRAL - EL PARDO","249.159"
2019-07-01,"HORTALEZA","192.016"
2019-07-01,"LATINA","241.165"
2019-07-01,"MONCLOA - ARAVACA","120.849"
2019-07-01,"MORATALAZ"," 95.700"
2019-07-01,"PUENTE DE VALLECAS","239.258"
2019-07-01,"RETIRO","120.239"
2019-07-01,"SALAMANCA","147.273"
2019-07-01,"SAN BLAS-CANILLEJAS","160.382"
2019-07-01,"TETUÁN","160.421"
2019-07-01,"USERA","141.944"
2019-07-01,"VICÁLVARO"," 73.505"
2019-07-01,"VILLA DE VALLECAS","113.122"
2019-07-01,"VILLAVERDE","152.315"
2019-08-01,"ARGANZUELA","155.644"
2019-08-01,"BARAJAS"," 49.855"
2019-08-01,"CARABANCHEL","258.696"
2019-08-01,"CENTRO","139.577"
2019-08-01,"CHAMARTÍN","147.654"
2019-08-01,"CHAMBERÍ","140.510"
2019-08-01,"CIUDAD LINEAL","219.682"
2019-08-01,"FUENCARRAL - EL PARDO","249.411"
2019-08-01,"HORTALEZA","192.547"
2019-08-01,"LATINA","241.752"
2019-08-01,"MONCLOA - ARAVACA","121.032"
2019-08-01,"MORATALAZ"," 95.825"
2019-08-01,"PUENTE DE VALLECAS","240.079"
2019-08-01,"RETIRO","120.465"
2019-08-01,"SALAMANCA","147.562"
2019-08-01,"SAN BLAS-CANILLEJAS","160.878"
2019-08-01,"TETUÁN","160.888"
2019-08-01,"USERA","142.481"
2019-08-01,"VICÁLVARO"," 73.683"
2019-08-01,"VILLA DE VALLECAS","113.480"
2019-08-01,"VILLAVERDE","152.920"
2019-09-01,"ARGANZUELA","155.429"
2019-09-01,"BARAJAS"," 49.966"
2019-09-01,"CARABANCHEL","258.307"
2019-09-01,"CENTRO","139.044"
2019-09-01,"CHAMARTÍN","147.508"
2019-09-01,"CHAMBERÍ","140.531"
2019-09-01,"CIUDAD LINEAL","219.383"
2019-09-01,"FUENCARRAL - EL PARDO","249.520"
2019-09-01,"HORTALEZA","192.884"
2019-09-01,"LATINA","241.458"
2019-09-01,"MONCLOA - ARAVACA","121.172"
2019-09-01,"MORATALAZ"," 95.761"
2019-09-01,"PUENTE DE VALLECAS","239.607"
2019-09-01,"RETIRO","120.437"
2019-09-01,"SALAMANCA","147.362"
2019-09-01,"SAN BLAS-CANILLEJAS","160.904"
2019-09-01,"TETUÁN","160.789"
2019-09-01,"USERA","142.146"
2019-09-01,"VICÁLVARO"," 73.800"
2019-09-01,"VILLA DE VALLECAS","113.687"
2019-09-01,"VILLAVERDE","152.873"
2019-10-01,"ARGANZUELA","155.852"
2019-10-01,"BARAJAS"," 50.070"
2019-10-01,"CARABANCHEL","259.544"
2019-10-01,"CENTRO","140.293"
2019-10-01,"CHAMARTÍN","147.816"
2019-10-01,"CHAMBERÍ","141.128"
2019-10-01,"CIUDAD LINEAL","219.761"
2019-10-01,"FUENCARRAL - EL PARDO","250.082"
2019-10-01,"HORTALEZA","193.389"
2019-10-01,"LATINA","242.054"
2019-10-01,"MONCLOA - ARAVACA","121.742"
2019-10-01,"MORATALAZ"," 95.831"
2019-10-01,"PUENTE DE VALLECAS","240.526"
2019-10-01,"RETIRO","120.668"
2019-10-01,"SALAMANCA","148.077"
2019-10-01,"SAN BLAS-CANILLEJAS","161.304"
2019-10-01,"TETUÁN","161.541"
2019-10-01,"USERA","142.555"
2019-10-01,"VICÁLVARO"," 74.079"
2019-10-01,"VILLA DE VALLECAS","114.265"
2019-10-01,"VILLAVERDE","153.712"
2019-11-01,"ARGANZUELA","156.068"
2019-11-01,"BARAJAS"," 50.142"
2019-11-01,"CARABANCHEL","260.418"
2019-11-01,"CENTRO","140.860"
2019-11-01,"CHAMARTÍN","147.966"
2019-11-01,"CHAMBERÍ","141.327"
2019-11-01,"CIUDAD LINEAL","220.431"
2019-11-01,"FUENCARRAL - EL PARDO","250.487"
2019-11-01,"HORTALEZA","193.730"
2019-11-01,"LATINA","242.569"
2019-11-01,"MONCLOA - ARAVACA","122.057"
2019-11-01,"MORATALAZ"," 95.902"
2019-11-01,"PUENTE DE VALLECAS","241.264"
2019-11-01,"RETIRO","120.816"
2019-11-01,"SALAMANCA","148.349"
2019-11-01,"SAN BLAS-CANILLEJAS","161.583"
2019-11-01,"TETUÁN","161.909"
2019-11-01,"USERA","143.042"
2019-11-01,"VICÁLVARO"," 74.172"
2019-11-01,"VILLA DE VALLECAS","114.632"
2019-11-01,"VILLAVERDE","154.292"
2019-12-01,"ARGANZUELA","156.176"
2019-12-01,"BARAJAS"," 50.158"
2019-12-01,"CARABANCHEL","261.118"
2019-12-01,"CENTRO","140.991"
2019-12-01,"CHAMARTÍN","148.039"
2019-12-01,"CHAMBERÍ","141.397"
2019-12-01,"CIUDAD LINEAL","220.598"
2019-12-01,"FUENCARRAL - EL PARDO","250.636"
2019-12-01,"HORTALEZA","193.833"
2019-12-01,"LATINA","242.923"
2019-12-01,"MONCLOA - ARAVACA","122.164"
2019-12-01,"MORATALAZ"," 95.907"
2019-12-01,"PUENTE DE VALLECAS","241.666"
2019-12-01,"RETIRO","120.873"
2019-12-01,"SALAMANCA","148.405"
2019-12-01,"SAN BLAS-CANILLEJAS","161.672"
2019-12-01,"TETUÁN","161.991"
2019-12-01,"USERA","143.365"
2019-12-01,"VICÁLVARO"," 74.235"
2019-12-01,"VILLA DE VALLECAS","114.832"
2019-12-01,"VILLAVERDE","154.915"
2020-01-01,"ARGANZUELA","156.232"
2020-01-01,"BARAJAS"," 50.269"
2020-01-01,"CARABANCHEL","261.480"
2020-01-01,"CENTRO","140.790"
2020-01-01,"CHAMARTÍN","148.137"
2020-01-01,"CHAMBERÍ","141.384"
2020-01-01,"CIUDAD LINEAL","220.803"
2020-01-01,"FUENCARRAL - EL PARDO","250.891"
2020-01-01,"HORTALEZA","194.203"
2020-01-01,"LATINA","243.313"
2020-01-01,"MONCLOA - ARAVACA","122.214"
2020-01-01,"MORATALAZ"," 95.728"
2020-01-01,"PUENTE DE VALLECAS","241.965"
2020-01-01,"RETIRO","120.856"
2020-01-01,"SALAMANCA","148.264"
2020-01-01,"SAN BLAS-CANILLEJAS","161.890"
2020-01-01,"TETUÁN","161.946"
2020-01-01,"USERA","143.371"
2020-01-01,"VICÁLVARO"," 74.419"
2020-01-01,"VILLA DE VALLECAS","115.173"
2020-01-01,"VILLAVERDE","155.208"
2020-02-01,"ARGANZUELA","156.460"
2020-02-01,"BARAJAS"," 50.295"
2020-02-01,"CARABANCHEL","262.019"
2020-02-01,"CENTRO","141.170"
2020-02-01,"CHAMARTÍN","148.107"
2020-02-01,"CHAMBERÍ","141.513"
2020-02-01,"CIUDAD LINEAL","220.964"
2020-02-01,"FUENCARRAL - EL PARDO","251.179"
2020-02-01,"HORTALEZA","194.490"
2020-02-01,"LATINA","243.609"
2020-02-01,"MONCLOA - ARAVACA","122.385"
2020-02-01,"MORATALAZ"," 95.788"
2020-02-01,"PUENTE DE VALLECAS","242.675"
2020-02-01,"RETIRO","120.837"
2020-02-01,"SALAMANCA","148.391"
2020-02-01,"SAN BLAS-CANILLEJAS","162.242"
2020-02-01,"TETUÁN","162.295"
2020-02-01,"USERA","143.744"
2020-02-01,"VICÁLVARO"," 74.553"
2020-02-01,"VILLA DE VALLECAS","115.398"
2020-02-01,"VILLAVERDE","155.665"
2020-03-01,"ARGANZUELA","156.417"
2020-03-01,"BARAJAS"," 50.286"
2020-03-01,"CARABANCHEL","262.007"
2020-03-01,"CENTRO","141.118"
2020-03-01,"CHAMARTÍN","148.060"
2020-03-01,"CHAMBERÍ","141.416"
2020-03-01,"CIUDAD LINEAL","220.916"
2020-03-01,"FUENCARRAL - EL PARDO","251.116"
2020-03-01,"HORTALEZA","194.498"
2020-03-01,"LATINA","243.563"
2020-03-01,"MONCLOA - ARAVACA","122.254"
2020-03-01,"MORATALAZ"," 95.768"
2020-03-01,"PUENTE DE VALLECAS","242.732"
2020-03-01,"RETIRO","120.759"
2020-03-01,"SALAMANCA","148.305"
2020-03-01,"SAN BLAS-CANILLEJAS","162.083"
2020-03-01,"TETUÁN","162.254"
2020-03-01,"USERA","143.687"
2020-03-01,"VICÁLVARO"," 74.567"
2020-03-01,"VILLA DE VALLECAS","115.375"
2020-03-01,"VILLAVERDE","155.537"
2020-04-01,"ARGANZUELA","156.309"
2020-04-01,"BARAJAS"," 50.287"
2020-04-01,"CARABANCHEL","261.610"
2020-04-01,"CENTRO","140.960"
2020-04-01,"CHAMARTÍN","147.957"
2020-04-01,"CHAMBERÍ","141.254"
2020-04-01,"CIUDAD LINEAL","220.727"
2020-04-01,"FUENCARRAL - EL PARDO","251.063"
2020-04-01,"HORTALEZA","194.514"
2020-04-01,"LATINA","243.214"
2020-04-01,"MONCLOA - ARAVACA","122.083"
2020-04-01,"MORATALAZ"," 95.592"
2020-04-01,"PUENTE DE VALLECAS","242.406"
2020-04-01,"RETIRO","120.589"
2020-04-01,"SALAMANCA","148.125"
2020-04-01,"SAN BLAS-CANILLEJAS","161.915"
2020-04-01,"TETUÁN","162.057"
2020-04-01,"USERA","143.490"
2020-04-01,"VICÁLVARO"," 74.539"
2020-04-01,"VILLA DE VALLECAS","115.366"
2020-04-01,"VILLAVERDE","155.389"
2020-05-01,"ARGANZUELA","156.494"
2020-05-01,"BARAJAS"," 50.345"
2020-05-01,"CARABANCHEL","261.859"
2020-05-01,"CENTRO","141.160"
2020-05-01,"CHAMARTÍN","148.043"
2020-05-01,"CHAMBERÍ","141.257"
2020-05-01,"CIUDAD LINEAL","220.849"
2020-05-01,"FUENCARRAL - EL PARDO","251.382"
2020-05-01,"HORTALEZA","194.857"
2020-05-01,"LATINA","243.397"
2020-05-01,"MONCLOA - ARAVACA","122.217"
2020-05-01,"MORATALAZ"," 95.664"
2020-05-01,"PUENTE DE VALLECAS","242.706"
2020-05-01,"RETIRO","120.669"
2020-05-01,"SALAMANCA","148.159"
2020-05-01,"SAN BLAS-CANILLEJAS","162.058"
2020-05-01,"TETUÁN","162.204"
2020-05-01,"USERA","143.644"
2020-05-01,"VICÁLVARO"," 74.636"
2020-05-01,"VILLA DE VALLECAS","115.580"
2020-05-01,"VILLAVERDE","155.556"
2020-06-01,"ARGANZUELA","156.010"
2020-06-01,"BARAJAS"," 50.320"
2020-06-01,"CARABANCHEL","260.801"
2020-06-01,"CENTRO","140.360"
2020-06-01,"CHAMARTÍN","147.483"
2020-06-01,"CHAMBERÍ","140.516"
2020-06-01,"CIUDAD LINEAL","220.118"
2020-06-01,"FUENCARRAL - EL PARDO","250.655"
2020-06-01,"HORTALEZA","194.529"
2020-06-01,"LATINA","242.447"
2020-06-01,"MONCLOA - ARAVACA","121.880"
2020-06-01,"MORATALAZ"," 95.375"
2020-06-01,"PUENTE DE VALLECAS","241.901"
2020-06-01,"RETIRO","120.238"
2020-06-01,"SALAMANCA","147.349"
2020-06-01,"SAN BLAS-CANILLEJAS","161.696"
2020-06-01,"TETUÁN","161.233"
2020-06-01,"USERA","143.141"
2020-06-01,"VICÁLVARO"," 74.577"
2020-06-01,"VILLA DE VALLECAS","115.495"
2020-06-01,"VILLAVERDE","155.149"
2020-07-01,"ARGANZUELA","155.649"
2020-07-01,"BARAJAS"," 50.237"
2020-07-01,"CARABANCHEL","260.777"
2020-07-01,"CENTRO","140.586"
2020-07-01,"CHAMARTÍN","147.291"
2020-07-01,"CHAMBERÍ","140.262"
2020-07-01,"CIUDAD LINEAL","219.692"
2020-07-01,"FUENCARRAL - EL PARDO","250.067"
2020-07-01,"HORTALEZA","194.269"
2020-07-01,"LATINA","242.262"
2020-07-01,"MONCLOA - ARAVACA","121.630"
2020-07-01,"MORATALAZ"," 95.108"
2020-07-01,"PUENTE DE VALLECAS","241.445"
2020-07-01,"RETIRO","119.970"
2020-07-01,"SALAMANCA","147.047"
2020-07-01,"SAN BLAS-CANILLEJAS","161.443"
2020-07-01,"TETUÁN","161.169"
2020-07-01,"USERA","143.207"
2020-07-01,"VICÁLVARO"," 74.575"
2020-07-01,"VILLA DE VALLECAS","115.229"
2020-07-01,"VILLAVERDE","155.277"
2020-08-01,"ARGANZUELA","155.509"
2020-08-01,"BARAJAS"," 50.244"
2020-08-01,"CARABANCHEL","260.830"
2020-08-01,"CENTRO","140.801"
2020-08-01,"CHAMARTÍN","147.187"
2020-08-01,"CHAMBERÍ","140.072"
2020-08-01,"CIUDAD LINEAL","219.446"
2020-08-01,"FUENCARRAL - EL PARDO","249.875"
2020-08-01,"HORTALEZA","194.231"
2020-08-01,"LATINA","242.228"
2020-08-01,"MONCLOA - ARAVACA","121.487"
2020-08-01,"MORATALAZ"," 94.985"
2020-08-01,"PUENTE DE VALLECAS","241.434"
2020-08-01,"RETIRO","119.818"
2020-08-01,"SALAMANCA","146.946"
2020-08-01,"SAN BLAS-CANILLEJAS","161.320"
2020-08-01,"TETUÁN","161.278"
2020-08-01,"USERA","143.403"
2020-08-01,"VICÁLVARO"," 74.831"
2020-08-01,"VILLA DE VALLECAS","115.288"
2020-08-01,"VILLAVERDE","155.459"
2020-09-01,"ARGANZUELA","155.498"
2020-09-01,"BARAJAS"," 50.228"
2020-09-01,"CARABANCHEL","260.247"
2020-09-01,"CENTRO","140.645"
2020-09-01,"CHAMARTÍN","146.892"
2020-09-01,"CHAMBERÍ","139.930"
2020-09-01,"CIUDAD LINEAL","218.960"
2020-09-01,"FUENCARRAL - EL PARDO","249.435"
2020-09-01,"HORTALEZA","194.140"
2020-09-01,"LATINA","241.715"
2020-09-01,"MONCLOA - ARAVACA","121.439"
2020-09-01,"MORATALAZ"," 94.785"
2020-09-01,"PUENTE DE VALLECAS","240.745"
2020-09-01,"RETIRO","119.643"
2020-09-01,"SALAMANCA","146.626"
2020-09-01,"SAN BLAS-CANILLEJAS","161.233"
2020-09-01,"TETUÁN","160.886"
2020-09-01,"USERA","143.118"
2020-09-01,"VICÁLVARO"," 74.971"
2020-09-01,"VILLA DE VALLECAS","115.275"
2020-09-01,"VILLAVERDE","155.390"
2020-10-01,"ARGANZUELA","155.544"
2020-10-01,"BARAJAS"," 50.324"
2020-10-01,"CARABANCHEL","260.436"
2020-10-01,"CENTRO","141.534"
2020-10-01,"CHAMARTÍN","146.980"
2020-10-01,"CHAMBERÍ","140.018"
2020-10-01,"CIUDAD LINEAL","218.730"
2020-10-01,"FUENCARRAL - EL PARDO","249.429"
2020-10-01,"HORTALEZA","194.030"
2020-10-01,"LATINA","241.821"
2020-10-01,"MONCLOA - ARAVACA","121.588"
2020-10-01,"MORATALAZ"," 94.696"
2020-10-01,"PUENTE DE VALLECAS","240.625"
2020-10-01,"RETIRO","119.634"
2020-10-01,"SALAMANCA","146.820"
2020-10-01,"SAN BLAS-CANILLEJAS","161.212"
2020-10-01,"TETUÁN","160.964"
2020-10-01,"USERA","143.289"
2020-10-01,"VICÁLVARO"," 75.299"
2020-10-01,"VILLA DE VALLECAS","115.387"
2020-10-01,"VILLAVERDE","155.591"
2020-11-01,"ARGANZUELA","155.287"
2020-11-01,"BARAJAS"," 50.285"
2020-11-01,"CARABANCHEL","260.148"
2020-11-01,"CENTRO","141.943"
2020-11-01,"CHAMARTÍN","146.579"
2020-11-01,"CHAMBERÍ","139.672"
2020-11-01,"CIUDAD LINEAL","218.145"
2020-11-01,"FUENCARRAL - EL PARDO","248.971"
2020-11-01,"HORTALEZA","194.125"
2020-11-01,"LATINA","241.648"
2020-11-01,"MONCLOA - ARAVACA","121.518"
2020-11-01,"MORATALAZ"," 94.462"
2020-11-01,"PUENTE DE VALLECAS","240.448"
2020-11-01,"RETIRO","119.284"
2020-11-01,"SALAMANCA","146.779"
2020-11-01,"SAN BLAS-CANILLEJAS","161.106"
2020-11-01,"TETUÁN","160.823"
2020-11-01,"USERA","143.302"
2020-11-01,"VICÁLVARO"," 75.648"
2020-11-01,"VILLA DE VALLECAS","115.299"
2020-11-01,"VILLAVERDE","155.578"
2020-12-01,"ARGANZUELA","154.996"
2020-12-01,"BARAJAS"," 50.271"
2020-12-01,"CARABANCHEL","259.760"
2020-12-01,"CENTRO","142.033"
2020-12-01,"CHAMARTÍN","146.351"
2020-12-01,"CHAMBERÍ","139.391"
2020-12-01,"CIUDAD LINEAL","217.821"
2020-12-01,"FUENCARRAL - EL PARDO","248.707"
2020-12-01,"HORTALEZA","193.927"
2020-12-01,"LATINA","241.375"
2020-12-01,"MONCLOA - ARAVACA","121.407"
2020-12-01,"MORATALAZ"," 94.203"
2020-12-01,"PUENTE DE VALLECAS","240.075"
2020-12-01,"RETIRO","119.092"
2020-12-01,"SALAMANCA","146.667"
2020-12-01,"SAN BLAS-CANILLEJAS","160.959"
2020-12-01,"TETUÁN","160.621"
2020-12-01,"USERA","143.093"
2020-12-01,"VICÁLVARO"," 75.734"
2020-12-01,"VILLA DE VALLECAS","115.185"
2020-12-01,"VILLAVERDE","155.451"
2021-01-01,"ARGANZUELA","154.809"
2021-01-01,"BARAJAS"," 50.266"
2021-01-01,"CARABANCHEL","259.535"
2021-01-01,"CENTRO","142.099"
2021-01-01,"CHAMARTÍN","146.230"
2021-01-01,"CHAMBERÍ","139.167"
2021-01-01,"CIUDAD LINEAL","217.622"
2021-01-01,"FUENCARRAL - EL PARDO","248.384"
2021-01-01,"HORTALEZA","193.789"
2021-01-01,"LATINA","241.013"
2021-01-01,"MONCLOA - ARAVACA","121.339"
2021-01-01,"MORATALAZ"," 94.113"
2021-01-01,"PUENTE DE VALLECAS","239.736"
2021-01-01,"RETIRO","119.006"
2021-01-01,"SALAMANCA","146.698"
2021-01-01,"SAN BLAS-CANILLEJAS","160.738"
2021-01-01,"TETUÁN","160.390"
2021-01-01,"USERA","142.955"
2021-01-01,"VICÁLVARO"," 75.783"
2021-01-01,"VILLA DE VALLECAS","115.062"
2021-01-01,"VILLAVERDE","155.313"
2021-02-01,"ARGANZUELA","153.974"
2021-02-01,"BARAJAS"," 50.065"
2021-02-01,"CARABANCHEL","257.390"
2021-02-01,"CENTRO","140.659"
2021-02-01,"CHAMARTÍN","145.400"
2021-02-01,"CHAMBERÍ","137.996"
2021-02-01,"CIUDAD LINEAL","216.123"
2021-02-01,"FUENCARRAL - EL PARDO","247.161"
2021-02-01,"HORTALEZA","192.945"
2021-02-01,"LATINA","239.076"
2021-02-01,"MONCLOA - ARAVACA","120.714"
2021-02-01,"MORATALAZ"," 93.606"
2021-02-01,"PUENTE DE VALLECAS","237.967"
2021-02-01,"RETIRO","118.387"
2021-02-01,"SALAMANCA","145.316"
2021-02-01,"SAN BLAS-CANILLEJAS","160.059"
2021-02-01,"TETUÁN","158.781"
2021-02-01,"USERA","141.625"
2021-02-01,"VICÁLVARO"," 75.821"
2021-02-01,"VILLA DE VALLECAS","114.685"
2021-02-01,"VILLAVERDE","154.141"
2021-03-01,"ARGANZUELA","153.974"
2021-03-01,"BARAJAS"," 50.101"
2021-03-01,"CARABANCHEL","257.859"
2021-03-01,"CENTRO","141.399"
2021-03-01,"CHAMARTÍN","145.619"
2021-03-01,"CHAMBERÍ","138.095"
2021-03-01,"CIUDAD LINEAL","216.385"
2021-03-01,"FUENCARRAL - EL PARDO","247.434"
2021-03-01,"HORTALEZA","193.263"
2021-03-01,"LATINA","239.403"
2021-03-01,"MONCLOA - ARAVACA","120.895"
2021-03-01,"MORATALAZ"," 93.590"
2021-03-01,"PUENTE DE VALLECAS","238.227"
2021-03-01,"RETIRO","118.370"
2021-03-01,"SALAMANCA","145.603"
2021-03-01,"SAN BLAS-CANILLEJAS","160.148"
2021-03-01,"TETUÁN","159.006"
2021-03-01,"USERA","141.915"
2021-03-01,"VICÁLVARO"," 76.186"
2021-03-01,"VILLA DE VALLECAS","114.705"
2021-03-01,"VILLAVERDE","154.504"
2021-04-01,"ARGANZUELA","153.871"
2021-04-01,"BARAJAS"," 50.137"
2021-04-01,"CARABANCHEL","257.507"
2021-04-01,"CENTRO","141.320"
2021-04-01,"CHAMARTÍN","145.440"
2021-04-01,"CHAMBERÍ","137.872"
2021-04-01,"CIUDAD LINEAL","216.206"
2021-04-01,"FUENCARRAL - EL PARDO","247.501"
2021-04-01,"HORTALEZA","193.486"
2021-04-01,"LATINA","239.242"
2021-04-01,"MONCLOA - ARAVACA","120.837"
2021-04-01,"MORATALAZ"," 93.456"
2021-04-01,"PUENTE DE VALLECAS","238.077"
2021-04-01,"RETIRO","118.278"
2021-04-01,"SALAMANCA","145.510"
2021-04-01,"SAN BLAS-CANILLEJAS","160.281"
2021-04-01,"TETUÁN","158.768"
2021-04-01,"USERA","141.854"
2021-04-01,"VICÁLVARO"," 76.623"
2021-04-01,"VILLA DE VALLECAS","114.815"
2021-04-01,"VILLAVERDE","154.547"
2021-05-01,"ARGANZUELA","153.649"
2021-05-01,"BARAJAS"," 50.093"
2021-05-01,"CARABANCHEL","256.840"
2021-05-01,"CENTRO","141.001"
2021-05-01,"CHAMARTÍN","145.181"
2021-05-01,"CHAMBERÍ","137.622"
2021-05-01,"CIUDAD LINEAL","215.615"
2021-05-01,"FUENCARRAL - EL PARDO","247.166"
2021-05-01,"HORTALEZA","193.313"
2021-05-01,"LATINA","238.671"
2021-05-01,"MONCLOA - ARAVACA","120.743"
2021-05-01,"MORATALAZ"," 93.303"
2021-05-01,"PUENTE DE VALLECAS","237.262"
2021-05-01,"RETIRO","118.036"
2021-05-01,"SALAMANCA","145.241"
2021-05-01,"SAN BLAS-CANILLEJAS","160.045"
2021-05-01,"TETUÁN","158.331"
2021-05-01,"USERA","141.538"
2021-05-01,"VICÁLVARO"," 76.886"
2021-05-01,"VILLA DE VALLECAS","114.618"
2021-05-01,"VILLAVERDE","154.263"
2021-06-01,"ARGANZUELA","153.851"
2021-06-01,"BARAJAS"," 50.185"
2021-06-01,"CARABANCHEL","257.350"
2021-06-01,"CENTRO","141.323"
2021-06-01,"CHAMARTÍN","145.251"
2021-06-01,"CHAMBERÍ","137.721"
2021-06-01,"CIUDAD LINEAL","215.790"
2021-06-01,"FUENCARRAL - EL PARDO","247.455"
2021-06-01,"HORTALEZA","193.695"
2021-06-01,"LATINA","238.949"
2021-06-01,"MONCLOA - ARAVACA","121.032"
2021-06-01,"MORATALAZ"," 93.232"
2021-06-01,"PUENTE DE VALLECAS","237.440"
2021-06-01,"RETIRO","118.283"
2021-06-01,"SALAMANCA","145.711"
2021-06-01,"SAN BLAS-CANILLEJAS","160.032"
2021-06-01,"TETUÁN","158.574"
2021-06-01,"USERA","141.689"
2021-06-01,"VICÁLVARO"," 77.426"
2021-06-01,"VILLA DE VALLECAS","114.839"
2021-06-01,"VILLAVERDE","154.515"
2021-07-01,"ARGANZUELA","153.797"
2021-07-01,"BARAJAS"," 50.158"
2021-07-01,"CARABANCHEL","257.170"
2021-07-01,"CENTRO","141.470"
2021-07-01,"CHAMARTÍN","145.049"
2021-07-01,"CHAMBERÍ","137.793"
2021-07-01,"CIUDAD LINEAL","215.557"
2021-07-01,"FUENCARRAL - EL PARDO","247.389"
2021-07-01,"HORTALEZA","193.742"
2021-07-01,"LATINA","238.869"
2021-07-01,"MONCLOA - ARAVACA","121.058"
2021-07-01,"MORATALAZ"," 93.041"
2021-07-01,"PUENTE DE VALLECAS","237.230"
2021-07-01,"RETIRO","118.246"
2021-07-01,"SALAMANCA","145.775"
2021-07-01,"SAN BLAS-CANILLEJAS","159.795"
2021-07-01,"TETUÁN","158.548"
2021-07-01,"USERA","141.584"
2021-07-01,"VICÁLVARO"," 77.730"
2021-07-01,"VILLA DE VALLECAS","114.898"
2021-07-01,"VILLAVERDE","154.466"
2021-08-01,"ARGANZUELA","153.886"
2021-08-01,"BARAJAS"," 50.260"
2021-08-01,"CARABANCHEL","257.369"
2021-08-01,"CENTRO","141.615"
2021-08-01,"CHAMARTÍN","145.013"
2021-08-01,"CHAMBERÍ","137.891"
2021-08-01,"CIUDAD LINEAL","215.572"
2021-08-01,"FUENCARRAL - EL PARDO","247.294"
2021-08-01,"HORTALEZA","193.909"
2021-08-01,"LATINA","238.857"
2021-08-01,"MONCLOA - ARAVACA","121.074"
2021-08-01,"MORATALAZ"," 93.054"
2021-08-01,"PUENTE DE VALLECAS","237.444"
2021-08-01,"RETIRO","118.317"
2021-08-01,"SALAMANCA","145.952"
2021-08-01,"SAN BLAS-CANILLEJAS","159.874"
2021-08-01,"TETUÁN","158.622"
2021-08-01,"USERA","141.661"
2021-08-01,"VICÁLVARO"," 78.134"
2021-08-01,"VILLA DE VALLECAS","115.087"
2021-08-01,"VILLAVERDE","154.554"
2021-09-01,"ARGANZUELA","153.692"
2021-09-01,"BARAJAS"," 50.275"
2021-09-01,"CARABANCHEL","257.006"
2021-09-01,"CENTRO","141.512"
2021-09-01,"CHAMARTÍN","145.078"
2021-09-01,"CHAMBERÍ","138.086"
2021-09-01,"CIUDAD LINEAL","215.284"
2021-09-01,"FUENCARRAL - EL PARDO","247.243"
2021-09-01,"HORTALEZA","194.117"
2021-09-01,"LATINA","238.646"
2021-09-01,"MONCLOA - ARAVACA","121.073"
2021-09-01,"MORATALAZ"," 92.905"
2021-09-01,"PUENTE DE VALLECAS","237.160"
2021-09-01,"RETIRO","118.301"
2021-09-01,"SALAMANCA","146.375"
2021-09-01,"SAN BLAS-CANILLEJAS","159.577"
2021-09-01,"TETUÁN","158.505"
2021-09-01,"USERA","141.622"
2021-09-01,"VICÁLVARO"," 78.409"
2021-09-01,"VILLA DE VALLECAS","115.175"
2021-09-01,"VILLAVERDE","154.660"
2021-10-01,"ARGANZUELA","153.725"
2021-10-01,"BARAJAS"," 50.243"
2021-10-01,"CARABANCHEL","256.881"
2021-10-01,"CENTRO","141.959"
2021-10-01,"CHAMARTÍN","145.275"
2021-10-01,"CHAMBERÍ","138.356"
2021-10-01,"CIUDAD LINEAL","215.115"
2021-10-01,"FUENCARRAL - EL PARDO","247.306"
2021-10-01,"HORTALEZA","194.163"
2021-10-01,"LATINA","238.564"
2021-10-01,"MONCLOA - ARAVACA","121.078"
2021-10-01,"MORATALAZ"," 92.822"
2021-10-01,"PUENTE DE VALLECAS","236.794"
2021-10-01,"RETIRO","118.386"
2021-10-01,"SALAMANCA","146.792"
2021-10-01,"SAN BLAS-CANILLEJAS","159.653"
2021-10-01,"TETUÁN","158.610"
2021-10-01,"USERA","141.463"
2021-10-01,"VICÁLVARO"," 78.818"
2021-10-01,"VILLA DE VALLECAS","115.221"
2021-10-01,"VILLAVERDE","154.557"
2021-11-01,"ARGANZUELA","153.982"
2021-11-01,"BARAJAS"," 50.359"
2021-11-01,"CARABANCHEL","257.632"
2021-11-01,"CENTRO","142.436"
2021-11-01,"CHAMARTÍN","145.477"
2021-11-01,"CHAMBERÍ","138.783"
2021-11-01,"CIUDAD LINEAL","215.541"
2021-11-01,"FUENCARRAL - EL PARDO","247.801"
2021-11-01,"HORTALEZA","194.568"
2021-11-01,"LATINA","238.985"
2021-11-01,"MONCLOA - ARAVACA","121.312"
2021-11-01,"MORATALAZ"," 92.966"
2021-11-01,"PUENTE DE VALLECAS","237.512"
2021-11-01,"RETIRO","118.546"
2021-11-01,"SALAMANCA","147.206"
2021-11-01,"SAN BLAS-CANILLEJAS","159.985"
2021-11-01,"TETUÁN","159.053"
2021-11-01,"USERA","142.037"
2021-11-01,"VICÁLVARO"," 79.435"
2021-11-01,"VILLA DE VALLECAS","115.473"
2021-11-01,"VILLAVERDE","155.047"
2021-12-01,"ARGANZUELA","153.027"
2021-12-01,"BARAJAS"," 50.216"
2021-12-01,"CARABANCHEL","256.283"
2021-12-01,"CENTRO","140.183"
2021-12-01,"CHAMARTÍN","144.670"
2021-12-01,"CHAMBERÍ","137.729"
2021-12-01,"CIUDAD LINEAL","214.613"
2021-12-01,"FUENCARRAL - EL PARDO","246.859"
2021-12-01,"HORTALEZA","193.797"
2021-12-01,"LATINA","237.780"
2021-12-01,"MONCLOA - ARAVACA","120.746"
2021-12-01,"MORATALAZ"," 92.659"
2021-12-01,"PUENTE DE VALLECAS","236.336"
2021-12-01,"RETIRO","117.972"
2021-12-01,"SALAMANCA","145.941"
2021-12-01,"SAN BLAS-CANILLEJAS","159.291"
2021-12-01,"TETUÁN","157.856"
2021-12-01,"USERA","141.220"
2021-12-01,"VICÁLVARO"," 79.442"
2021-12-01,"VILLA DE VALLECAS","115.108"
2021-12-01,"VILLAVERDE","154.305"
2022-01-01,"ARGANZUELA","153.433"
2022-01-01,"BARAJAS"," 50.252"
2022-01-01,"CARABANCHEL","257.214"
2022-01-01,"CENTRO","140.534"
2022-01-01,"CHAMARTÍN","144.940"
2022-01-01,"CHAMBERÍ","137.929"
2022-01-01,"CIUDAD LINEAL","215.152"
2022-01-01,"FUENCARRAL - EL PARDO","247.277"
2022-01-01,"HORTALEZA","194.208"
2022-01-01,"LATINA","238.317"
2022-01-01,"MONCLOA - ARAVACA","120.777"
2022-01-01,"MORATALAZ"," 92.766"
2022-01-01,"PUENTE DE VALLECAS","237.062"
2022-01-01,"RETIRO","118.138"
2022-01-01,"SALAMANCA","146.173"
2022-01-01,"SAN BLAS-CANILLEJAS","159.693"
2022-01-01,"TETUÁN","158.339"
2022-01-01,"USERA","141.610"
2022-01-01,"VICÁLVARO"," 79.821"
2022-01-01,"VILLA DE VALLECAS","115.479"
2022-01-01,"VILLAVERDE","154.800"
2022-02-01,"ARGANZUELA","153.389"
2022-02-01,"BARAJAS"," 48.623"
2022-02-01,"CARABANCHEL","257.353"
2022-02-01,"CENTRO","140.359"
2022-02-01,"CHAMARTÍN","144.977"
2022-02-01,"CHAMBERÍ","137.914"
2022-02-01,"CIUDAD LINEAL","215.314"
2022-02-01,"FUENCARRAL - EL PARDO","247.308"
2022-02-01,"HORTALEZA","195.994"
2022-02-01,"LATINA","238.531"
2022-02-01,"MONCLOA - ARAVACA","120.713"
2022-02-01,"MORATALAZ"," 92.725"
2022-02-01,"PUENTE DE VALLECAS","237.460"
2022-02-01,"RETIRO","118.110"
2022-02-01,"SALAMANCA","146.024"
2022-02-01,"SAN BLAS-CANILLEJAS","160.015"
2022-02-01,"TETUÁN","158.455"
2022-02-01,"USERA","141.655"
2022-02-01,"VICÁLVARO"," 80.358"
2022-02-01,"VILLA DE VALLECAS","115.660"
2022-02-01,"VILLAVERDE","155.235"
2022-03-01,"ARGANZUELA","153.518"
2022-03-01,"BARAJAS"," 48.702"
2022-03-01,"CARABANCHEL","258.858"
2022-03-01,"CENTRO","140.495"
2022-03-01,"CHAMARTÍN","145.028"
2022-03-01,"CHAMBERÍ","138.234"
2022-03-01,"CIUDAD LINEAL","216.073"
2022-03-01,"FUENCARRAL - EL PARDO","247.973"
2022-03-01,"HORTALEZA","196.851"
2022-03-01,"LATINA","239.611"
2022-03-01,"MONCLOA - ARAVACA","120.992"
2022-03-01,"MORATALAZ"," 92.917"
2022-03-01,"PUENTE DE VALLECAS","238.738"
2022-03-01,"RETIRO","118.306"
2022-03-01,"SALAMANCA","146.015"
2022-03-01,"SAN BLAS-CANILLEJAS","160.588"
2022-03-01,"TETUÁN","158.983"
2022-03-01,"USERA","142.331"
2022-03-01,"VICÁLVARO"," 81.058"
2022-03-01,"VILLA DE VALLECAS","116.199"
2022-03-01,"VILLAVERDE","156.219"
2022-04-01,"ARGANZUELA","153.739"
2022-04-01,"BARAJAS"," 48.850"
2022-04-01,"CARABANCHEL","260.017"
2022-04-01,"CENTRO","140.678"
2022-04-01,"CHAMARTÍN","145.210"
2022-04-01,"CHAMBERÍ","138.377"
2022-04-01,"CIUDAD LINEAL","216.808"
2022-04-01,"FUENCARRAL - EL PARDO","248.604"
2022-04-01,"HORTALEZA","197.262"
2022-04-01,"LATINA","240.483"
2022-04-01,"MONCLOA - ARAVACA","121.218"
2022-04-01,"MORATALAZ"," 93.123"
2022-04-01,"PUENTE DE VALLECAS","239.595"
2022-04-01,"RETIRO","118.416"
2022-04-01,"SALAMANCA","146.212"
2022-04-01,"SAN BLAS-CANILLEJAS","160.987"
2022-04-01,"TETUÁN","159.505"
2022-04-01,"USERA","142.878"
2022-04-01,"VICÁLVARO"," 81.588"
2022-04-01,"VILLA DE VALLECAS","116.476"
2022-04-01,"VILLAVERDE","156.979"
2022-05-01,"ARGANZUELA","153.937"
2022-05-01,"BARAJAS"," 48.839"
2022-05-01,"CARABANCHEL","261.317"
2022-05-01,"CENTRO","141.001"
2022-05-01,"CHAMARTÍN","145.185"
2022-05-01,"CHAMBERÍ","138.514"
2022-05-01,"CIUDAD LINEAL","217.295"
2022-05-01,"FUENCARRAL - EL PARDO","248.772"
2022-05-01,"HORTALEZA","197.793"
2022-05-01,"LATINA","241.229"
2022-05-01,"MONCLOA - ARAVACA","121.422"
2022-05-01,"MORATALAZ"," 93.326"
2022-05-01,"PUENTE DE VALLECAS","240.343"
2022-05-01,"RETIRO","118.519"
2022-05-01,"SALAMANCA","146.268"
2022-05-01,"SAN BLAS-CANILLEJAS","161.563"
2022-05-01,"TETUÁN","159.877"
2022-05-01,"USERA","143.338"
2022-05-01,"VICÁLVARO"," 82.027"
2022-05-01,"VILLA DE VALLECAS","116.707"
2022-05-01,"VILLAVERDE","157.619"
2022-06-01,"ARGANZUELA","154.071"
2022-06-01,"BARAJAS"," 48.844"
2022-06-01,"CARABANCHEL","261.908"
2022-06-01,"CENTRO","141.072"
2022-06-01,"CHAMARTÍN","145.285"
2022-06-01,"CHAMBERÍ","138.638"
2022-06-01,"CIUDAD LINEAL","218.074"
2022-06-01,"FUENCARRAL - EL PARDO","249.081"
2022-06-01,"HORTALEZA","198.180"
2022-06-01,"LATINA","241.551"
2022-06-01,"MONCLOA - ARAVACA","121.647"
2022-06-01,"MORATALAZ"," 93.362"
2022-06-01,"PUENTE DE VALLECAS","240.828"
2022-06-01,"RETIRO","118.533"
2022-06-01,"SALAMANCA","146.246"
2022-06-01,"SAN BLAS-CANILLEJAS","161.763"
2022-06-01,"TETUÁN","160.164"
2022-06-01,"USERA","143.517"
2022-06-01,"VICÁLVARO"," 82.303"
2022-06-01,"VILLA DE VALLECAS","116.924"
2022-06-01,"VILLAVERDE","157.990"
2022-07-01,"ARGANZUELA","154.200"
2022-07-01,"BARAJAS"," 48.846"
2022-07-01,"CARABANCHEL","262.496"
2022-07-01,"CENTRO","141.143"
2022-07-01,"CHAMARTÍN","145.383"
2022-07-01,"CHAMBERÍ","138.758"
2022-07-01,"CIUDAD LINEAL","218.848"
2022-07-01,"FUENCARRAL - EL PARDO","249.387"
2022-07-01,"HORTALEZA","198.565"
2022-07-01,"LATINA","241.869"
2022-07-01,"MONCLOA - ARAVACA","121.869"
2022-07-01,"MORATALAZ"," 93.394"
2022-07-01,"PUENTE DE VALLECAS","241.308"
2022-07-01,"RETIRO","118.545"
2022-07-01,"SALAMANCA","146.224"
2022-07-01,"SAN BLAS-CANILLEJAS","161.957"
2022-07-01,"TETUÁN","160.449"
2022-07-01,"USERA","143.695"
2022-07-01,"VICÁLVARO"," 82.577"
2022-07-01,"VILLA DE VALLECAS","117.140"
2022-07-01,"VILLAVERDE","158.358"
2022-08-01,"ARGANZUELA","153.725"
2022-08-01,"BARAJAS"," 48.734"
2022-08-01,"CARABANCHEL","262.037"
2022-08-01,"CENTRO","140.024"
2022-08-01,"CHAMARTÍN","144.802"
2022-08-01,"CHAMBERÍ","138.195"
2022-08-01,"CIUDAD LINEAL","218.566"
2022-08-01,"FUENCARRAL - EL PARDO","248.875"
2022-08-01,"HORTALEZA","198.350"
2022-08-01,"LATINA","241.467"
2022-08-01,"MONCLOA - ARAVACA","121.626"
2022-08-01,"MORATALAZ"," 93.294"
2022-08-01,"PUENTE DE VALLECAS","241.102"
2022-08-01,"RETIRO","118.263"
2022-08-01,"SALAMANCA","145.498"
2022-08-01,"SAN BLAS-CANILLEJAS","161.713"
2022-08-01,"TETUÁN","159.930"
2022-08-01,"USERA","143.414"
2022-08-01,"VICÁLVARO"," 82.670"
2022-08-01,"VILLA DE VALLECAS","117.029"
2022-08-01,"VILLAVERDE","158.253"
2022-09-01,"ARGANZUELA","154.118"
2022-09-01,"BARAJAS"," 48.808"
2022-09-01,"CARABANCHEL","262.970"
2022-09-01,"CENTRO","140.723"
2022-09-01,"CHAMARTÍN","145.368"
2022-09-01,"CHAMBERÍ","138.881"
2022-09-01,"CIUDAD LINEAL","219.384"
2022-09-01,"FUENCARRAL - EL PARDO","249.290"
2022-09-01,"HORTALEZA","198.926"
2022-09-01,"LATINA","241.978"
2022-09-01,"MONCLOA - ARAVACA","122.097"
2022-09-01,"MORATALAZ"," 93.399"
2022-09-01,"PUENTE DE VALLECAS","241.863"
2022-09-01,"RETIRO","118.444"
2022-09-01,"SALAMANCA","146.447"
2022-09-01,"SAN BLAS-CANILLEJAS","162.002"
2022-09-01,"TETUÁN","160.729"
2022-09-01,"USERA","143.635"
2022-09-01,"VICÁLVARO"," 83.029"
2022-09-01,"VILLA DE VALLECAS","117.415"
2022-09-01,"VILLAVERDE","158.870"
2022-10-01,"ARGANZUELA","154.371"
2022-10-01,"BARAJAS"," 48.880"
2022-10-01,"CARABANCHEL","263.539"
2022-10-01,"CENTRO","141.405"
2022-10-01,"CHAMARTÍN","145.630"
2022-10-01,"CHAMBERÍ","139.374"
2022-10-01,"CIUDAD LINEAL","219.846"
2022-10-01,"FUENCARRAL - EL PARDO","249.603"
2022-10-01,"HORTALEZA","199.141"
2022-10-01,"LATINA","242.282"
2022-10-01,"MONCLOA - ARAVACA","122.360"
2022-10-01,"MORATALAZ"," 93.446"
2022-10-01,"PUENTE DE VALLECAS","242.531"
2022-10-01,"RETIRO","118.639"
2022-10-01,"SALAMANCA","147.055"
2022-10-01,"SAN BLAS-CANILLEJAS","162.141"
2022-10-01,"TETUÁN","161.166"
2022-10-01,"USERA","143.803"
2022-10-01,"VICÁLVARO"," 83.391"
2022-10-01,"VILLA DE VALLECAS","117.674"
2022-10-01,"VILLAVERDE","159.298"
2022-11-01,"ARGANZUELA","153.732"
2022-11-01,"BARAJAS"," 48.728"
2022-11-01,"CARABANCHEL","262.348"
2022-11-01,"CENTRO","139.924"
2022-11-01,"CHAMARTÍN","145.030"
2022-11-01,"CHAMBERÍ","138.658"
2022-11-01,"CIUDAD LINEAL","219.963"
2022-11-01,"FUENCARRAL - EL PARDO","248.755"
2022-11-01,"HORTALEZA","198.477"
2022-11-01,"LATINA","241.738"
2022-11-01,"MONCLOA - ARAVACA","122.024"
2022-11-01,"MORATALAZ"," 93.069"
2022-11-01,"PUENTE DE VALLECAS","241.236"
2022-11-01,"RETIRO","118.186"
2022-11-01,"SALAMANCA","146.033"
2022-11-01,"SAN BLAS-CANILLEJAS","161.363"
2022-11-01,"TETUÁN","160.169"
2022-11-01,"USERA","142.799"
2022-11-01,"VICÁLVARO"," 83.498"
2022-11-01,"VILLA DE VALLECAS","117.392"
2022-11-01,"VILLAVERDE","158.913"
2022-12-01,"ARGANZUELA","153.923"
2022-12-01,"BARAJAS"," 48.681"
2022-12-01,"CARABANCHEL","262.955"
2022-12-01,"CENTRO","140.071"
2022-12-01,"CHAMARTÍN","145.198"
2022-12-01,"CHAMBERÍ","138.716"
2022-12-01,"CIUDAD LINEAL","220.477"
2022-12-01,"FUENCARRAL - EL PARDO","248.991"
2022-12-01,"HORTALEZA","198.663"
2022-12-01,"LATINA","242.057"
2022-12-01,"MONCLOA - ARAVACA","122.089"
2022-12-01,"MORATALAZ"," 93.124"
2022-12-01,"PUENTE DE VALLECAS","241.922"
2022-12-01,"RETIRO","118.247"
2022-12-01,"SALAMANCA","146.139"
2022-12-01,"SAN BLAS-CANILLEJAS","161.508"
2022-12-01,"TETUÁN","160.554"
2022-12-01,"USERA","143.102"
2022-12-01,"VICÁLVARO"," 83.802"
2022-12-01,"VILLA DE VALLECAS","117.598"
2022-12-01,"VILLAVERDE","159.301"
2023-01-01,"ARGANZUELA","153.916"
2023-01-01,"BARAJAS"," 48.624"
2023-01-01,"CARABANCHEL","263.147"
2023-01-01,"CENTRO","139.988"
2023-01-01,"CHAMARTÍN","145.190"
2023-01-01,"CHAMBERÍ","138.719"
2023-01-01,"CIUDAD LINEAL","220.865"
2023-01-01,"FUENCARRAL - EL PARDO","248.978"
2023-01-01,"HORTALEZA","198.837"
2023-01-01,"LATINA","242.193"
2023-01-01,"MONCLOA - ARAVACA","122.147"
2023-01-01,"MORATALAZ"," 93.044"
2023-01-01,"PUENTE DE VALLECAS","242.006"
2023-01-01,"RETIRO","118.211"
2023-01-01,"SALAMANCA","146.130"
2023-01-01,"SAN BLAS-CANILLEJAS","161.469"
2023-01-01,"TETUÁN","160.639"
2023-01-01,"USERA","143.078"
2023-01-01,"VICÁLVARO"," 84.099"
2023-01-01,"VILLA DE VALLECAS","117.695"
2023-01-01,"VILLAVERDE","159.547"
2023-02-01,"ARGANZUELA","153.909"
2023-02-01,"BARAJAS"," 48.567"
2023-02-01,"CARABANCHEL","263.339"
2023-02-01,"CENTRO","139.905"
2023-02-01,"CHAMARTÍN","145.183"
2023-02-01,"CHAMBERÍ","138.722"
2023-02-01,"CIUDAD LINEAL","221.253"
2023-02-01,"FUENCARRAL - EL PARDO","248.964"
2023-02-01,"HORTALEZA","199.012"
2023-02-01,"LATINA","242.330"
2023-02-01,"MONCLOA - ARAVACA","122.204"
2023-02-01,"MORATALAZ"," 92.965"
2023-02-01,"PUENTE DE VALLECAS","242.091"
2023-02-01,"RETIRO","118.175"
2023-02-01,"SALAMANCA","146.120"
2023-02-01,"SAN BLAS-CANILLEJAS","161.429"
2023-02-01,"TETUÁN","160.724"
2023-02-01,"USERA","143.055"
2023-02-01,"VICÁLVARO"," 84.396"
2023-02-01,"VILLA DE VALLECAS","117.791"
2023-02-01,"VILLAVERDE","159.793"
2023-03-01,"ARGANZUELA","153.903"
2023-03-01,"BARAJAS"," 48.511"
2023-03-01,"CARABANCHEL","263.531"
2023-03-01,"CENTRO","139.822"
2023-03-01,"CHAMARTÍN","145.175"
2023-03-01,"CHAMBERÍ","138.724"
2023-03-01,"CIUDAD LINEAL","221.641"
2023-03-01,"FUENCARRAL - EL PARDO","248.951"
2023-03-01,"HORTALEZA","199.187"
2023-03-01,"LATINA","242.466"
2023-03-01,"MONCLOA - ARAVACA","122.262"
2023-03-01,"MORATALAZ"," 92.885"
2023-03-01,"PUENTE DE VALLECAS","242.175"
2023-03-01,"RETIRO","118.138"
2023-03-01,"SALAMANCA","146.111"
2023-03-01,"SAN BLAS-CANILLEJAS","161.390"
2023-03-01,"TETUÁN","160.808"
2023-03-01,"USERA","143.031"
2023-03-01,"VICÁLVARO"," 84.693"
2023-03-01,"VILLA DE VALLECAS","117.888"
2023-03-01,"VILLAVERDE","160.039"
2023-04-01,"ARGANZUELA","153.896"
2023-04-01,"BARAJAS"," 48.454"
2023-04-01,"CARABANCHEL","263.723"
2023-04-01,"CENTRO","139.739"
2023-04-01,"CHAMARTÍN","145.167"
2023-04-01,"CHAMBERÍ","138.727"
2023-04-01,"CIUDAD LINEAL","222.030"
2023-04-01,"FUENCARRAL - EL PARDO","248.938"
2023-04-01,"HORTALEZA","199.361"
2023-04-01,"LATINA","242.603"
2023-04-01,"MONCLOA - ARAVACA","122.319"
2023-04-01,"MORATALAZ"," 92.806"
2023-04-01,"PUENTE DE VALLECAS","242.259"
2023-04-01,"RETIRO","118.102"
2023-04-01,"SALAMANCA","146.102"
2023-04-01,"SAN BLAS-CANILLEJAS","161.350"
2023-04-01,"TETUÁN","160.893"
2023-04-01,"USERA","143.007"
2023-04-01,"VICÁLVARO"," 84.991"
2023-04-01,"VILLA DE VALLECAS","117.985"
2023-04-01,"VILLAVERDE","160.285"
2023-05-01,"ARGANZUELA","153.889"
2023-05-01,"BARAJAS"," 48.397"
2023-05-01,"CARABANCHEL","263.915"
2023-05-01,"CENTRO","139.657"
2023-05-01,"CHAMARTÍN","145.159"
2023-05-01,"CHAMBERÍ","138.730"
2023-05-01,"CIUDAD LINEAL","222.418"
2023-05-01,"FUENCARRAL - EL PARDO","248.925"
2023-05-01,"HORTALEZA","199.536"
2023-05-01,"LATINA","242.739"
2023-05-01,"MONCLOA - ARAVACA","122.376"
2023-05-01,"MORATALAZ"," 92.726"
2023-05-01,"PUENTE DE VALLECAS","242.344"
2023-05-01,"RETIRO","118.066"
2023-05-01,"SALAMANCA","146.093"
2023-05-01,"SAN BLAS-CANILLEJAS","161.310"
2023-05-01,"TETUÁN","160.978"
2023-05-01,"USERA","142.983"
2023-05-01,"VICÁLVARO"," 85.288"
2023-05-01,"VILLA DE VALLECAS","118.082"
2023-05-01,"VILLAVERDE","160.531"
2023-06-01,"ARGANZUELA","153.883"
2023-06-01,"BARAJAS"," 48.340"
2023-06-01,"CARABANCHEL","264.107"
2023-06-01,"CENTRO","139.574"
2023-06-01,"CHAMARTÍN","145.151"
2023-06-01,"CHAMBERÍ","138.733"
2023-06-01,"CIUDAD LINEAL","222.806"
2023-06-01,"FUENCARRAL - EL PARDO","248.912"
2023-06-01,"HORTALEZA","199.711"
2023-06-01,"LATINA","242.876"
2023-06-01,"MONCLOA - ARAVACA","122.434"
2023-06-01,"MORATALAZ"," 92.647"
2023-06-01,"PUENTE DE VALLECAS","242.428"
2023-06-01,"RETIRO","118.029"
2023-06-01,"SALAMANCA","146.083"
2023-06-01,"SAN BLAS-CANILLEJAS","161.271"
2023-06-01,"TETUÁN","161.062"
2023-06-01,"USERA","142.959"
2023-06-01,"VICÁLVARO"," 85.585"
2023-06-01,"VILLA DE VALLECAS","118.178"
2023-06-01,"VILLAVERDE","160.777"
2023-07-01,"ARGANZUELA","153.876"
2023-07-01,"BARAJAS"," 48.284"
2023-07-01,"CARABANCHEL","264.299"
2023-07-01,"CENTRO","139.491"
2023-07-01,"CHAMARTÍN","145.143"
2023-07-01,"CHAMBERÍ","138.736"
2023-07-01,"CIUDAD LINEAL","223.194"
2023-07-01,"FUENCARRAL - EL PARDO","248.899"
2023-07-01,"HORTALEZA","199.885"
2023-07-01,"LATINA","243.012"
2023-07-01,"MONCLOA - ARAVACA","122.491"
2023-07-01,"MORATALAZ"," 92.567"
2023-07-01,"PUENTE DE VALLECAS","242.512"
2023-07-01,"RETIRO","117.993"
2023-07-01,"SALAMANCA","146.074"
2023-07-01,"SAN BLAS-CANILLEJAS","161.231"
2023-07-01,"TETUÁN","161.147"
2023-07-01,"USERA","142.936"
2023-07-01,"VICÁLVARO"," 85.882"
2023-07-01,"VILLA DE VALLECAS","118.275"
2023-07-01,"VILLAVERDE","161.023"
2023-08-01,"ARGANZUELA","153.869"
2023-08-01,"BARAJAS"," 48.227"
2023-08-01,"CARABANCHEL","264.491"
2023-08-01,"CENTRO","139.408"
2023-08-01,"CHAMARTÍN","145.135"
2023-08-01,"CHAMBERÍ","138.738"
2023-08-01,"CIUDAD LINEAL","223.582"
2023-08-01,"FUENCARRAL - EL PARDO","248.885"
2023-08-01,"HORTALEZA","200.060"
2023-08-01,"LATINA","243.149"
2023-08-01,"MONCLOA - ARAVACA","122.548"
2023-08-01,"MORATALAZ"," 92.488"
2023-08-01,"PUENTE DE VALLECAS","242.597"
2023-08-01,"RETIRO","117.957"
2023-08-01,"SALAMANCA","146.065"
2023-08-01,"SAN BLAS-CANILLEJAS","161.192"
2023-08-01,"TETUÁN","161.232"
2023-08-01,"USERA","142.912"
2023-08-01,"VICÁLVARO"," 86.179"
2023-08-01,"VILLA DE VALLECAS","118.372"
2023-08-01,"VILLAVERDE","161.269"
2023-09-01,"ARGANZUELA","153.863"
2023-09-01,"BARAJAS"," 48.170"
2023-09-01,"CARABANCHEL","264.683"
2023-09-01,"CENTRO","139.325"
2023-09-01,"CHAMARTÍN","145.127"
2023-09-01,"CHAMBERÍ","138.741"
2023-09-01,"CIUDAD LINEAL","223.970"
2023-09-01,"FUENCARRAL - EL PARDO","248.872"
2023-09-01,"HORTALEZA","200.235"
2023-09-01,"LATINA","243.285"
2023-09-01,"MONCLOA - ARAVACA","122.606"
2023-09-01,"MORATALAZ"," 92.409"
2023-09-01,"PUENTE DE VALLECAS","242.681"
2023-09-01,"RETIRO","117.921"
2023-09-01,"SALAMANCA","146.055"
2023-09-01,"SAN BLAS-CANILLEJAS","161.152"
2023-09-01,"TETUÁN","161.316"
2023-09-01,"USERA","142.888"
2023-09-01,"VICÁLVARO"," 86.476"
2023-09-01,"VILLA DE VALLECAS","118.469"
2023-09-01,"VILLAVERDE","161.515"
2023-10-01,"ARGANZUELA","153.856"
2023-10-01,"BARAJAS"," 48.113"
2023-10-01,"CARABANCHEL","264.875"
2023-10-01,"CENTRO","139.242"
2023-10-01,"CHAMARTÍN","145.119"
2023-10-01,"CHAMBERÍ","138.744"
2023-10-01,"CIUDAD LINEAL","224.358"
2023-10-01,"FUENCARRAL - EL PARDO","248.859"
2023-10-01,"HORTALEZA","200.410"
2023-10-01,"LATINA","243.422"
2023-10-01,"MONCLOA - ARAVACA","122.663"
2023-10-01,"MORATALAZ"," 92.329"
2023-10-01,"PUENTE DE VALLECAS","242.765"
2023-10-01,"RETIRO","117.884"
2023-10-01,"SALAMANCA","146.046"
2023-10-01,"SAN BLAS-CANILLEJAS","161.113"
2023-10-01,"TETUÁN","161.401"
2023-10-01,"USERA","142.864"
2023-10-01,"VICÁLVARO"," 86.773"
2023-10-01,"VILLA DE VALLECAS","118.566"
2023-10-01,"VILLAVERDE","161.760"
2023-11-01,"ARGANZUELA","153.849"
2023-11-01,"BARAJAS"," 48.057"
2023-11-01,"CARABANCHEL","265.067"
2023-11-01,"CENTRO","139.159"
2023-11-01,"CHAMARTÍN","145.111"
2023-11-01,"CHAMBERÍ","138.747"
2023-11-01,"CIUDAD LINEAL","224.746"
2023-11-01,"FUENCARRAL - EL PARDO","248.846"
2023-11-01,"HORTALEZA","200.584"
2023-11-01,"LATINA","243.558"
2023-11-01,"MONCLOA - ARAVACA","122.720"
2023-11-01,"MORATALAZ"," 92.250"
2023-11-01,"PUENTE DE VALLECAS","242.850"
2023-11-01,"RETIRO","117.848"
2023-11-01,"SALAMANCA","146.037"
2023-11-01,"SAN BLAS-CANILLEJAS","161.073"
2023-11-01,"TETUÁN","161.486"
2023-11-01,"USERA","142.840"
2023-11-01,"VICÁLVARO"," 87.071"
2023-11-01,"VILLA DE VALLECAS","118.662"
2023-11-01,"VILLAVERDE","162.006"
2023-12-01,"ARGANZUELA","153.842"
2023-12-01,"BARAJAS"," 48.000"
2023-12-01,"CARABANCHEL","265.259"
2023-12-01,"CENTRO","139.076"
2023-12-01,"CHAMARTÍN","145.104"
2023-12-01,"CHAMBERÍ","138.749"
2023-12-01,"CIUDAD LINEAL","225.134"
2023-12-01,"FUENCARRAL - EL PARDO","248.833"
2023-12-01,"HORTALEZA","200.759"
2023-12-01,"LATINA","243.695"
2023-12-01,"MONCLOA - ARAVACA","122.778"
2023-12-01,"MORATALAZ"," 92.170"
2023-12-01,"PUENTE DE VALLECAS","242.934"
2023-12-01,"RETIRO","117.812"
2023-12-01,"SALAMANCA","146.027"
2023-12-01,"SAN BLAS-CANILLEJAS","161.033"
2023-12-01,"TETUÁN","161.570"
2023-12-01,"USERA","142.817"
2023-12-01,"VICÁLVARO"," 87.368"
2023-12-01,"VILLA DE VALLECAS","118.759"
2023-12-01,"VILLAVERDE","162.252"
2024-01-01,"ARGANZUELA","153.836"
2024-01-01,"BARAJAS"," 47.943"
2024-01-01,"CARABANCHEL","265.451"
2024-01-01,"CENTRO","138.993"
2024-01-01,"CHAMARTÍN","145.096"
2024-01-01,"CHAMBERÍ","138.752"
2024-01-01,"CIUDAD LINEAL","225.522"
2024-01-01,"FUENCARRAL - EL PARDO","248.819"
2024-01-01,"HORTALEZA","200.934"
2024-01-01,"LATINA","243.831"
2024-01-01,"MONCLOA - ARAVACA","122.835"
2024-01-01,"MORATALAZ"," 92.091"
2024-01-01,"PUENTE DE VALLECAS","243.018"
2024-01-01,"RETIRO","117.776"
2024-01-01,"SALAMANCA","146.018"
2024-01-01,"SAN BLAS-CANILLEJAS","160.994"
2024-01-01,"TETUÁN","161.655"
2024-01-01,"USERA","142.793"
2024-01-01,"VICÁLVARO"," 87.665"
2024-01-01,"VILLA DE VALLECAS","118.856"
2024-01-01,"VILLAVERDE","162.498"
2024-02-01,"ARGANZUELA","153.829"
2024-02-01,"BARAJAS"," 47.886"
2024-02-01,"CARABANCHEL","265.643"
2024-02-01,"CENTRO","138.910"
2024-02-01,"CHAMARTÍN","145.088"
2024-02-01,"CHAMBERÍ","138.755"
2024-02-01,"CIUDAD LINEAL","225.910"
2024-02-01,"FUENCARRAL - EL PARDO","248.806"
2024-02-01,"HORTALEZA","201.108"
2024-02-01,"LATINA","243.968"
2024-02-01,"MONCLOA - ARAVACA","122.893"
2024-02-01,"MORATALAZ"," 92.011"
2024-02-01,"PUENTE DE VALLECAS","243.103"
2024-02-01,"RETIRO","117.739"
2024-02-01,"SALAMANCA","146.009"
2024-02-01,"SAN BLAS-CANILLEJAS","160.954"
2024-02-01,"TETUÁN","161.740"
2024-02-01,"USERA","142.769"
2024-02-01,"VICÁLVARO"," 87.962"
2024-02-01,"VILLA DE VALLECAS","118.953"
2024-02-01,"VILLAVERDE","162.744"
2024-03-01,"ARGANZUELA","153.822"
2024-03-01,"BARAJAS"," 47.830"
2024-03-01,"CARABANCHEL","265.835"
2024-03-01,"CENTRO","138.827"
2024-03-01,"CHAMARTÍN","145.080"
2024-03-01,"CHAMBERÍ","138.758"
2024-03-01,"CIUDAD LINEAL","226.298"
2024-03-01,"FUENCARRAL - EL PARDO","248.793"
2024-03-01,"HORTALEZA","201.283"
2024-03-01,"LATINA","244.104"
2024-03-01,"MONCLOA - ARAVACA","122.950"
2024-03-01,"MORATALAZ"," 91.932"
2024-03-01,"PUENTE DE VALLECAS","243.187"
2024-03-01,"RETIRO","117.703"
2024-03-01,"SALAMANCA","145.999"
2024-03-01,"SAN BLAS-CANILLEJAS","160.915"
2024-03-01,"TETUÁN","161.825"
2024-03-01,"USERA","142.745"
2024-03-01,"VICÁLVARO"," 88.259"
2024-03-01,"VILLA DE VALLECAS","119.050"
2024-03-01,"VILLAVERDE","162.990"
